Protein identifier	Contig id	Start	Stop	Strand	Gene symbol	Sequence name	Scope	Element type	Element subtype	Class	Subclass	Method	Target length	Reference sequence length	% Coverage of reference sequence	% Identity to reference sequence	Alignment length	Accession of closest sequence	Name of closest sequence	HMM id	HMM description
NA	NC_013361.1	3155340	3156695	-	glpT_E448K	Escherichia fosfomycin resistant GlpT	core	AMR	POINT	FOSFOMYCIN	FOSFOMYCIN	POINTX	452	452	100.00	99.78	452	WP_000948731.1	glycerol-3-phosphate transporter GlpT	NA	NA
NA	NC_013361.1	5298480	5299568	-	pmrB_Y358N	Escherichia colistin resistant PmrB	core	AMR	POINT	COLISTIN	COLISTIN	POINTX	363	363	100.00	99.45	363	WP_001300761.1	two-component system sensor histidine kinase PmrB	NA	NA
NA	NC_013362.1	3706	4518	+	aph(3')-Ia	aminoglycoside O-phosphotransferase APH(3')-Ia	core	AMR	AMR	AMINOGLYCOSIDE	KANAMYCIN	EXACTX	271	271	100.00	100.00	271	WP_000018330.1	aminoglycoside O-phosphotransferase APH(3')-Ia	NA	NA
NA	NC_013361.1	93184	94947	+	ftsI_A498A	penicillin-binding protein PBP3 FtsI [WILDTYPE]	core	AMR	POINT	BETA-LACTAM	CEPHALOSPORIN	POINTX	588	588	100.00	100.00	588	WP_000642196.1	penicillin-binding protein PBP3 FtsI	NA	NA
NA	NC_013361.1	93184	94947	+	ftsI_I336I	penicillin-binding protein PBP3 FtsI [WILDTYPE]	core	AMR	POINT	BETA-LACTAM	AZTREONAM	POINTX	588	588	100.00	100.00	588	WP_000642196.1	penicillin-binding protein PBP3 FtsI	NA	NA
NA	NC_013361.1	93184	94947	+	ftsI_I336I	penicillin-binding protein PBP3 FtsI [WILDTYPE]	core	AMR	POINT	BETA-LACTAM	AZTREONAM/CEFIDEROCOL/CEPHALOSPORIN	POINTX	588	588	100.00	100.00	588	WP_000642196.1	penicillin-binding protein PBP3 FtsI	NA	NA
NA	NC_013361.1	93184	94947	+	ftsI_N337N	penicillin-binding protein PBP3 FtsI [WILDTYPE]	core	AMR	POINT	BETA-LACTAM	AZTREONAM/CEFIDEROCOL/CEPHALOSPORIN	POINTX	588	588	100.00	100.00	588	WP_000642196.1	penicillin-binding protein PBP3 FtsI	NA	NA
NA	NC_013361.1	93184	94947	+	ftsI_R335R	penicillin-binding protein PBP3 FtsI [WILDTYPE]	core	AMR	POINT	BETA-LACTAM	CEPHALOSPORIN	POINTX	588	588	100.00	100.00	588	WP_000642196.1	penicillin-binding protein PBP3 FtsI	NA	NA
NA	NC_013361.1	227542	229084	+	16S_A1055A	Escherichia 16S ribosomal RNA [WILDTYPE]	core	AMR	POINT	TETRACYCLINE	TETRACYCLINE	POINTN	1543	1543	100.00	99.61	1543	NC_000913.3:4166659-4168201	16S ribosomal RNA	NA	NA
NA	NC_013361.1	227542	229084	+	16S_A1408A	Escherichia 16S ribosomal RNA [WILDTYPE]	core	AMR	POINT	AMINOGLYCOSIDE	GENTAMICIN_C/NEOMYCIN/PAROMOMYCIN	POINTN	1543	1543	100.00	99.61	1543	NC_000913.3:4166659-4168201	16S ribosomal RNA	NA	NA
NA	NC_013361.1	227542	229084	+	16S_A1499A	Escherichia 16S ribosomal RNA [WILDTYPE]	core	AMR	POINT	EDEINE	EDEINE	POINTN	1543	1543	100.00	99.61	1543	NC_000913.3:4166659-4168201	16S ribosomal RNA	NA	NA
NA	NC_013361.1	227542	229084	+	16S_A1519A	Escherichia 16S ribosomal RNA [WILDTYPE]	core	AMR	POINT	AMINOGLYCOSIDE	KASUGAMYCIN	POINTN	1543	1543	100.00	99.61	1543	NC_000913.3:3941808-3943350	16S ribosomal RNA	NA	NA
NA	NC_013361.1	227542	229084	+	16S_A523A	Escherichia 16S ribosomal RNA [WILDTYPE]	core	AMR	POINT	AMINOGLYCOSIDE	STREPTOMYCIN	POINTN	1543	1543	100.00	99.61	1543	NC_000913.3:4166659-4168201	16S ribosomal RNA	NA	NA
NA	NC_013361.1	227542	229084	+	16S_A794A	Escherichia 16S ribosomal RNA [WILDTYPE]	core	AMR	POINT	AMINOGLYCOSIDE	KASUGAMYCIN	POINTN	1543	1543	100.00	99.61	1543	NC_000913.3:3941808-3943350	16S ribosomal RNA	NA	NA
NA	NC_013361.1	227542	229084	+	16S_A964A	Escherichia 16S ribosomal RNA [WILDTYPE]	core	AMR	POINT	TETRACYCLINE	TETRACYCLINE	POINTN	1543	1543	100.00	99.61	1543	NC_000913.3:4166659-4168201	16S ribosomal RNA	NA	NA
NA	NC_013361.1	227542	229084	+	16S_C1054C	Escherichia 16S ribosomal RNA [WILDTYPE]	core	AMR	POINT	TETRACYCLINE	TETRACYCLINE	POINTN	1543	1543	100.00	99.61	1543	NC_000913.3:4166659-4168201	16S ribosomal RNA	NA	NA
NA	NC_013361.1	227542	229084	+	16S_C1066C	Escherichia 16S ribosomal RNA [WILDTYPE]	core	AMR	POINT	AMINOGLYCOSIDE	SPECTINOMYCIN	POINTN	1543	1543	100.00	99.61	1543	NC_000913.3:4166659-4168201	16S ribosomal RNA	NA	NA
NA	NC_013361.1	227542	229084	+	16S_C1192C	Escherichia 16S ribosomal RNA [WILDTYPE]	core	AMR	POINT	AMINOGLYCOSIDE	SPECTINOMYCIN	POINTN	1543	1543	100.00	99.61	1543	NC_000913.3:4166659-4168201	16S ribosomal RNA	NA	NA
NA	NC_013361.1	227542	229084	+	16S_C528C	Escherichia 16S ribosomal RNA [WILDTYPE]	core	AMR	POINT	AMINOGLYCOSIDE	STREPTOMYCIN	POINTN	1543	1543	100.00	99.61	1543	NC_000913.3:4166659-4168201	16S ribosomal RNA	NA	NA
NA	NC_013361.1	227542	229084	+	16S_G1053G	Escherichia 16S ribosomal RNA [WILDTYPE]	core	AMR	POINT	TETRACYCLINE	TETRACYCLINE	POINTN	1543	1543	100.00	99.61	1543	NC_000913.3:4166659-4168201	16S ribosomal RNA	NA	NA
NA	NC_013361.1	227542	229084	+	16S_G1058G	Escherichia 16S ribosomal RNA [WILDTYPE]	core	AMR	POINT	TETRACYCLINE	TETRACYCLINE	POINTN	1543	1543	100.00	99.61	1543	NC_000913.3:4166659-4168201	16S ribosomal RNA	NA	NA
NA	NC_013361.1	227542	229084	+	16S_G1064G	Escherichia 16S ribosomal RNA [WILDTYPE]	core	AMR	POINT	AMINOGLYCOSIDE	SPECTINOMYCIN	POINTN	1543	1543	100.00	99.61	1543	NC_000913.3:4166659-4168201	16S ribosomal RNA	NA	NA
NA	NC_013361.1	227542	229084	+	16S_G1068G	Escherichia 16S ribosomal RNA [WILDTYPE]	core	AMR	POINT	AMINOGLYCOSIDE	SPECTINOMYCIN	POINTN	1543	1543	100.00	99.61	1543	NC_000913.3:4166659-4168201	16S ribosomal RNA	NA	NA
NA	NC_013361.1	227542	229084	+	16S_G527G	Escherichia 16S ribosomal RNA [WILDTYPE]	core	AMR	POINT	AMINOGLYCOSIDE	STREPTOMYCIN	POINTN	1543	1543	100.00	99.61	1543	NC_000913.3:4166659-4168201	16S ribosomal RNA	NA	NA
NA	NC_013361.1	227542	229084	+	16S_G926G	Escherichia 16S ribosomal RNA [WILDTYPE]	core	AMR	POINT	AMINOGLYCOSIDE	KASUGAMYCIN	POINTN	1543	1543	100.00	99.61	1543	NC_000913.3:3941808-3943350	16S ribosomal RNA	NA	NA
NA	NC_013361.1	227542	229084	+	16S_T1406T	Escherichia 16S ribosomal RNA [WILDTYPE]	core	AMR	POINT	AMINOGLYCOSIDE	G418/TOBRAMYCIN	POINTN	1543	1543	100.00	99.61	1543	NC_000913.3:4166659-4168201	16S ribosomal RNA	NA	NA
NA	NC_013361.1	227542	229084	+	16S_rrsB_A250T	Escherichia 16S ribosomal RNA [UNKNOWN]	core	AMR	POINT	NA	NA	POINTN	1543	1543	100.00	99.61	1543	NC_000913.3:4166659-4168201	16S ribosomal RNA	NA	NA
NA	NC_013361.1	227542	229084	+	16S_rrsB_A253T	Escherichia 16S ribosomal RNA [UNKNOWN]	core	AMR	POINT	NA	NA	POINTN	1543	1543	100.00	99.61	1543	NC_000913.3:4166659-4168201	16S ribosomal RNA	NA	NA
NA	NC_013361.1	227542	229084	+	16S_rrsB_A80C	Escherichia 16S ribosomal RNA [UNKNOWN]	core	AMR	POINT	NA	NA	POINTN	1543	1543	100.00	99.61	1543	NC_000913.3:4166659-4168201	16S ribosomal RNA	NA	NA
NA	NC_013361.1	227542	229084	+	16S_rrsB_T273A	Escherichia 16S ribosomal RNA [UNKNOWN]	core	AMR	POINT	NA	NA	POINTN	1543	1543	100.00	99.61	1543	NC_000913.3:4166659-4168201	16S ribosomal RNA	NA	NA
NA	NC_013361.1	227542	229084	+	16S_rrsB_T89G	Escherichia 16S ribosomal RNA [UNKNOWN]	core	AMR	POINT	NA	NA	POINTN	1543	1543	100.00	99.61	1543	NC_000913.3:4166659-4168201	16S ribosomal RNA	NA	NA
NA	NC_013361.1	227542	229084	+	16S_rrsB_T93C	Escherichia 16S ribosomal RNA [UNKNOWN]	core	AMR	POINT	NA	NA	POINTN	1543	1543	100.00	99.61	1543	NC_000913.3:4166659-4168201	16S ribosomal RNA	NA	NA
NA	NC_013361.1	227542	229084	+	16S_rrsC_A226G	Escherichia 16S ribosomal RNA [UNKNOWN]	core	AMR	POINT	NA	NA	POINTN	1543	1543	100.00	99.61	1543	NC_000913.3:3941808-3943350	16S ribosomal RNA	NA	NA
NA	NC_013361.1	227542	229084	+	16S_rrsC_A250T	Escherichia 16S ribosomal RNA [UNKNOWN]	core	AMR	POINT	NA	NA	POINTN	1543	1543	100.00	99.61	1543	NC_000913.3:3941808-3943350	16S ribosomal RNA	NA	NA
NA	NC_013361.1	227542	229084	+	16S_rrsC_A253T	Escherichia 16S ribosomal RNA [UNKNOWN]	core	AMR	POINT	NA	NA	POINTN	1543	1543	100.00	99.61	1543	NC_000913.3:3941808-3943350	16S ribosomal RNA	NA	NA
NA	NC_013361.1	227542	229084	+	16S_rrsC_A79G	Escherichia 16S ribosomal RNA [UNKNOWN]	core	AMR	POINT	NA	NA	POINTN	1543	1543	100.00	99.61	1543	NC_000913.3:3941808-3943350	16S ribosomal RNA	NA	NA
NA	NC_013361.1	227542	229084	+	16S_rrsC_T273A	Escherichia 16S ribosomal RNA [UNKNOWN]	core	AMR	POINT	NA	NA	POINTN	1543	1543	100.00	99.61	1543	NC_000913.3:3941808-3943350	16S ribosomal RNA	NA	NA
NA	NC_013361.1	227542	229084	+	16S_rrsC_T90C	Escherichia 16S ribosomal RNA [UNKNOWN]	core	AMR	POINT	NA	NA	POINTN	1543	1543	100.00	99.61	1543	NC_000913.3:3941808-3943350	16S ribosomal RNA	NA	NA
NA	NC_013361.1	229530	232434	+	23S_A1220G	Escherichia 23S ribosomal RNA [UNKNOWN]	core	AMR	POINT	NA	NA	POINTN	2905	2905	100.00	99.35	2905	NC_004431.1:237160-240064	23S ribosomal RNA	NA	NA
NA	NC_013361.1	229530	232434	+	23S_A1535G	Escherichia 23S ribosomal RNA [UNKNOWN]	core	AMR	POINT	NA	NA	POINTN	2905	2905	100.00	99.35	2905	NC_004431.1:237160-240064	23S ribosomal RNA	NA	NA
NA	NC_013361.1	229530	232434	+	23S_A2058A	Escherichia 23S ribosomal RNA [WILDTYPE]	core	AMR	POINT	MACROLIDE	AZITHROMYCIN/ERYTHROMYCIN/TELITHROMYCIN	POINTN	2905	2905	100.00	99.35	2905	NC_004431.1:237160-240064	23S ribosomal RNA	NA	NA
NA	NC_013361.1	229530	232434	+	23S_C2611C	Escherichia 23S ribosomal RNA [WILDTYPE]	core	AMR	POINT	MACROLIDE	ERYTHROMYCIN/TELITHROMYCIN	POINTN	2905	2905	100.00	99.35	2905	NC_004431.1:237160-240064	23S ribosomal RNA	NA	NA
NA	NC_013361.1	229530	232434	+	23S_C846T	Escherichia 23S ribosomal RNA [UNKNOWN]	core	AMR	POINT	NA	NA	POINTN	2905	2905	100.00	99.35	2905	NC_004431.1:237160-240064	23S ribosomal RNA	NA	NA
NA	NC_013361.1	229530	232434	+	23S_CGA1725TCC	Escherichia 23S ribosomal RNA [UNKNOWN]	core	AMR	POINT	NA	NA	POINTN	2905	2905	100.00	99.35	2905	NC_004431.1:237160-240064	23S ribosomal RNA	NA	NA
NA	NC_013361.1	229530	232434	+	23S_G1422A	Escherichia 23S ribosomal RNA [UNKNOWN]	core	AMR	POINT	NA	NA	POINTN	2905	2905	100.00	99.35	2905	NC_004431.1:237160-240064	23S ribosomal RNA	NA	NA
NA	NC_013361.1	229530	232434	+	23S_G2032G	Escherichia 23S ribosomal RNA [WILDTYPE]	core	AMR	POINT	LINCOSAMIDE/OXAZOLIDINONE	CLINDAMYCIN/LINEZOLID	POINTN	2905	2905	100.00	99.35	2905	NC_004431.1:237160-240064	23S ribosomal RNA	NA	NA
NA	NC_013361.1	229530	232434	+	23S_G2032G	Escherichia 23S ribosomal RNA [WILDTYPE]	core	AMR	POINT	MACROLIDE/OXAZOLIDINONE	CLARITHROMYCIN/LINEZOLID	POINTN	2905	2905	100.00	99.35	2905	NC_004431.1:237160-240064	23S ribosomal RNA	NA	NA
NA	NC_013361.1	229530	232434	+	23S_G2032G	Escherichia 23S ribosomal RNA [WILDTYPE]	core	AMR	POINT	OXAZOLIDINONE	LINEZOLID	POINTN	2905	2905	100.00	99.35	2905	NC_004431.1:237160-240064	23S ribosomal RNA	NA	NA
NA	NC_013361.1	229530	232434	+	23S_G2057G	Escherichia 23S ribosomal RNA [WILDTYPE]	core	AMR	POINT	MULTIDRUG	CHLORAMPHENICOL/ERYTHROMYCIN/TELITHROMYCIN	POINTN	2905	2905	100.00	99.35	2905	NC_004431.1:237160-240064	23S ribosomal RNA	NA	NA
NA	NC_013361.1	229530	232434	+	23S_G2447G	Escherichia 23S ribosomal RNA [WILDTYPE]	core	AMR	POINT	OXAZOLIDINONE	LINEZOLID	POINTN	2905	2905	100.00	99.35	2905	NC_004431.1:237160-240064	23S ribosomal RNA	NA	NA
NA	NC_013361.1	229530	232434	+	23S_G264C	Escherichia 23S ribosomal RNA [UNKNOWN]	core	AMR	POINT	NA	NA	POINTN	2905	2905	100.00	99.35	2905	NC_004431.1:237160-240064	23S ribosomal RNA	NA	NA
NA	NC_013361.1	229530	232434	+	23S_G2802A	Escherichia 23S ribosomal RNA [UNKNOWN]	core	AMR	POINT	NA	NA	POINTN	2905	2905	100.00	99.35	2905	NC_004431.1:237160-240064	23S ribosomal RNA	NA	NA
NA	NC_013361.1	229530	232434	+	23S_G285A	Escherichia 23S ribosomal RNA [UNKNOWN]	core	AMR	POINT	NA	NA	POINTN	2905	2905	100.00	99.35	2905	NC_004431.1:237160-240064	23S ribosomal RNA	NA	NA
NA	NC_013361.1	229530	232434	+	23S_N970T	Escherichia 23S ribosomal RNA [UNKNOWN]	core	AMR	POINT	NA	NA	POINTN	2905	2905	100.00	99.35	2905	NC_004431.1:237160-240064	23S ribosomal RNA	NA	NA
NA	NC_013361.1	229530	232434	+	23S_T1174G	Escherichia 23S ribosomal RNA [UNKNOWN]	core	AMR	POINT	NA	NA	POINTN	2905	2905	100.00	99.35	2905	NC_004431.1:237160-240064	23S ribosomal RNA	NA	NA
NA	NC_013361.1	229530	232434	+	23S_T1211C	Escherichia 23S ribosomal RNA [UNKNOWN]	core	AMR	POINT	NA	NA	POINTN	2905	2905	100.00	99.35	2905	NC_004431.1:237160-240064	23S ribosomal RNA	NA	NA
NA	NC_013361.1	229530	232434	+	23S_T1229C	Escherichia 23S ribosomal RNA [UNKNOWN]	core	AMR	POINT	NA	NA	POINTN	2905	2905	100.00	99.35	2905	NC_004431.1:237160-240064	23S ribosomal RNA	NA	NA
NA	NC_013361.1	229530	232434	+	23S_T1730C	Escherichia 23S ribosomal RNA [UNKNOWN]	core	AMR	POINT	NA	NA	POINTN	2905	2905	100.00	99.35	2905	NC_004431.1:237160-240064	23S ribosomal RNA	NA	NA
NA	NC_013361.1	229530	232434	+	23S_T2609T	Escherichia 23S ribosomal RNA [WILDTYPE]	core	AMR	POINT	MACROLIDE	TELITHROMYCIN	POINTN	2905	2905	100.00	99.35	2905	NC_004431.1:237160-240064	23S ribosomal RNA	NA	NA
NA	NC_013361.1	229530	232434	+	23S_T542C	Escherichia 23S ribosomal RNA [UNKNOWN]	core	AMR	POINT	NA	NA	POINTN	2905	2905	100.00	99.35	2905	NC_004431.1:237160-240064	23S ribosomal RNA	NA	NA
NA	NC_013361.1	229530	232434	+	23S_T754T	Escherichia 23S ribosomal RNA [WILDTYPE]	core	AMR	POINT	MACROLIDE	ERYTHROMYCIN/TELITHROMYCIN	POINTN	2905	2905	100.00	99.35	2905	NC_004431.1:237160-240064	23S ribosomal RNA	NA	NA
NA	NC_013361.1	229530	232434	+	23S_TCG1733GGA	Escherichia 23S ribosomal RNA [UNKNOWN]	core	AMR	POINT	NA	NA	POINTN	2905	2905	100.00	99.35	2905	NC_004431.1:237160-240064	23S ribosomal RNA	NA	NA
NA	NC_013361.1	506417	508768	+	lon_P403P	Lon protease [WILDTYPE]	core	AMR	POINT	TETRACYCLINE	TIGECYCLINE	POINTX	784	784	100.00	100.00	784	WP_001295325.1	Lon protease	NA	NA
NA	NC_013361.1	528785	531931	-	acrB_I594V	multidrug efflux RND transporter permease subunit AcrB [UNKNOWN]	core	AMR	POINT	NA	NA	POINTX	1049	1049	100.00	99.81	1049	WP_086259262.1	multidrug efflux RND transporter permease subunit AcrB	NA	NA
NA	NC_013361.1	528785	531931	-	acrB_Q733R	multidrug efflux RND transporter permease subunit AcrB [UNKNOWN]	core	AMR	POINT	NA	NA	POINTX	1049	1049	100.00	99.81	1049	WP_086259262.1	multidrug efflux RND transporter permease subunit AcrB	NA	NA
NA	NC_013361.1	528785	531931	-	acrB_R620R	multidrug efflux RND transporter permease subunit AcrB [WILDTYPE]	core	AMR	POINT	TETRACYCLINE	TIGECYCLINE	POINTX	1049	1049	100.00	99.81	1049	WP_086259262.1	multidrug efflux RND transporter permease subunit AcrB	NA	NA
NA	NC_013361.1	528785	531931	-	acrB_R717R	multidrug efflux RND transporter permease subunit AcrB [WILDTYPE]	core	AMR	POINT	MACROLIDE	AZITHROMYCIN/CLARITHROMYCIN/ERYTHROMYCIN	POINTX	1049	1049	100.00	99.81	1049	WP_086259262.1	multidrug efflux RND transporter permease subunit AcrB	NA	NA
NA	NC_013361.1	533289	533933	+	acrR_R45R	transcriptional regulator AcrR [WILDTYPE]	core	AMR	POINT	MULTIDRUG	AMPICILLIN/CHLORAMPHENICOL/QUINOLONE/RIFAMPIN/TETRACYCLINE	POINTX	215	215	100.00	100.00	215	WP_000101737.1	transcriptional regulator AcrR	NA	NA
NA	NC_013361.1	691670	692320	-	nfsB_D66G	oxygen-insensitive NAD(P)H nitroreductase NfsB [UNKNOWN]	core	AMR	POINT	NA	NA	POINTX	217	217	100.00	98.62	217	WP_000351450.1	oxygen-insensitive NAD(P)H nitroreductase NfsB	NA	NA
NA	NC_013361.1	691670	692320	-	nfsB_E174A	oxygen-insensitive NAD(P)H nitroreductase NfsB [UNKNOWN]	core	AMR	POINT	NA	NA	POINTX	217	217	100.00	98.62	217	WP_000351450.1	oxygen-insensitive NAD(P)H nitroreductase NfsB	NA	NA
NA	NC_013361.1	691670	692320	-	nfsB_F84F	oxygen-insensitive NAD(P)H nitroreductase NfsB [WILDTYPE]	core	AMR	POINT	NITROFURAN	NITROFURANTOIN	POINTX	217	217	100.00	98.62	217	WP_000351450.1	oxygen-insensitive NAD(P)H nitroreductase NfsB	NA	NA
NA	NC_013361.1	691670	692320	-	nfsB_G192G	oxygen-insensitive NAD(P)H nitroreductase NfsB [WILDTYPE]	core	AMR	POINT	NITROFURAN	NITROFURANTOIN	POINTX	217	217	100.00	98.62	217	WP_000351450.1	oxygen-insensitive NAD(P)H nitroreductase NfsB	NA	NA
NA	NC_013361.1	691670	692320	-	nfsB_M75I	oxygen-insensitive NAD(P)H nitroreductase NfsB [UNKNOWN]	core	AMR	POINT	NA	NA	POINTX	217	217	100.00	98.62	217	WP_000351450.1	oxygen-insensitive NAD(P)H nitroreductase NfsB	NA	NA
NA	NC_013361.1	691670	692320	-	nfsB_W94W	oxygen-insensitive NAD(P)H nitroreductase NfsB [WILDTYPE]	core	AMR	POINT	NITROFURAN	NITROFURANTOIN	POINTX	217	217	100.00	98.62	217	WP_000351450.1	oxygen-insensitive NAD(P)H nitroreductase NfsB	NA	NA
NA	NC_013361.1	1028999	1029718	+	nfsA_E223E	nitroreductase NfsA [WILDTYPE]	core	AMR	POINT	NITROFURAN	NITROFURANTOIN	POINTX	240	240	100.00	99.58	240	WP_089631889.1	nitroreductase NfsA	NA	NA
NA	NC_013361.1	1028999	1029718	+	nfsA_E75E	nitroreductase NfsA [WILDTYPE]	core	AMR	POINT	NITROFURAN	NITROFURANTOIN	POINTX	240	240	100.00	99.58	240	WP_089631889.1	nitroreductase NfsA	NA	NA
NA	NC_013361.1	1028999	1029718	+	nfsA_G126G	nitroreductase NfsA [WILDTYPE]	core	AMR	POINT	NITROFURAN	NITROFURANTOIN	POINTX	240	240	100.00	99.58	240	WP_089631889.1	nitroreductase NfsA	NA	NA
NA	NC_013361.1	1028999	1029718	+	nfsA_G131G	nitroreductase NfsA [WILDTYPE]	core	AMR	POINT	NITROFURAN	NITROFURANTOIN	POINTX	240	240	100.00	99.58	240	WP_089631889.1	nitroreductase NfsA	NA	NA
NA	NC_013361.1	1028999	1029718	+	nfsA_G154G	nitroreductase NfsA [WILDTYPE]	core	AMR	POINT	NITROFURAN	NITROFURANTOIN	POINTX	240	240	100.00	99.58	240	WP_089631889.1	nitroreductase NfsA	NA	NA
NA	NC_013361.1	1028999	1029718	+	nfsA_H11H	nitroreductase NfsA [WILDTYPE]	core	AMR	POINT	NITROFURAN	NITROFURANTOIN	POINTX	240	240	100.00	99.58	240	WP_089631889.1	nitroreductase NfsA	NA	NA
NA	NC_013361.1	1028999	1029718	+	nfsA_K141K	nitroreductase NfsA [WILDTYPE]	core	AMR	POINT	NITROFURAN	NITROFURANTOIN	POINTX	240	240	100.00	99.58	240	WP_089631889.1	nitroreductase NfsA	NA	NA
NA	NC_013361.1	1028999	1029718	+	nfsA_Q113Q	nitroreductase NfsA [WILDTYPE]	core	AMR	POINT	NITROFURAN	NITROFURANTOIN	POINTX	240	240	100.00	99.58	240	WP_089631889.1	nitroreductase NfsA	NA	NA
NA	NC_013361.1	1028999	1029718	+	nfsA_Q44Q	nitroreductase NfsA [WILDTYPE]	core	AMR	POINT	NITROFURAN	NITROFURANTOIN	POINTX	240	240	100.00	99.58	240	WP_089631889.1	nitroreductase NfsA	NA	NA
NA	NC_013361.1	1028999	1029718	+	nfsA_Q67Q	nitroreductase NfsA [WILDTYPE]	core	AMR	POINT	NITROFURAN	NITROFURANTOIN	POINTX	240	240	100.00	99.58	240	WP_089631889.1	nitroreductase NfsA	NA	NA
NA	NC_013361.1	1028999	1029718	+	nfsA_R133R	nitroreductase NfsA [WILDTYPE]	core	AMR	POINT	NITROFURAN	NITROFURANTOIN	POINTX	240	240	100.00	99.58	240	WP_089631889.1	nitroreductase NfsA	NA	NA
NA	NC_013361.1	1028999	1029718	+	nfsA_R15R	nitroreductase NfsA [WILDTYPE]	core	AMR	POINT	NITROFURAN	NITROFURANTOIN	POINTX	240	240	100.00	99.58	240	WP_089631889.1	nitroreductase NfsA	NA	NA
NA	NC_013361.1	1028999	1029718	+	nfsA_R203R	nitroreductase NfsA [WILDTYPE]	core	AMR	POINT	NITROFURAN	NITROFURANTOIN	POINTX	240	240	100.00	99.58	240	WP_089631889.1	nitroreductase NfsA	NA	NA
NA	NC_013361.1	1028999	1029718	+	nfsA_S33S	nitroreductase NfsA [WILDTYPE]	core	AMR	POINT	NITROFURAN	NITROFURANTOIN	POINTX	240	240	100.00	99.58	240	WP_089631889.1	nitroreductase NfsA	NA	NA
NA	NC_013361.1	1028999	1029718	+	nfsA_W159W	nitroreductase NfsA [WILDTYPE]	core	AMR	POINT	NITROFURAN	NITROFURANTOIN	POINTX	240	240	100.00	99.58	240	WP_089631889.1	nitroreductase NfsA	NA	NA
NA	NC_013361.1	1028999	1029718	+	nfsA_Y45C	nitroreductase NfsA [UNKNOWN]	core	AMR	POINT	NA	NA	POINTX	240	240	100.00	99.58	240	WP_089631889.1	nitroreductase NfsA	NA	NA
NA	NC_013361.1	1125082	1126167	-	ompF_G141G	outer membrane protein F OmpF [WILDTYPE]	core	AMR	POINT	BETA-LACTAM	CEPHALOSPORIN	POINTX	362	362	100.00	100.00	362	WP_000977920.1	outer membrane protein F OmpF	NA	NA
NA	NC_013361.1	1125082	1126167	-	ompF_L15L	outer membrane protein F OmpF [WILDTYPE]	core	AMR	POINT	BETA-LACTAM	CARBAPENEM	POINTX	362	362	100.00	100.00	362	WP_000977920.1	outer membrane protein F OmpF	NA	NA
NA	NC_013361.1	1125082	1126167	-	ompF_Q88Q	outer membrane protein F OmpF [WILDTYPE]	core	AMR	POINT	BETA-LACTAM	CARBAPENEM	POINTX	362	362	100.00	100.00	362	WP_000977920.1	outer membrane protein F OmpF	NA	NA
NA	NC_013361.1	1439814	1440545	+	fabG_D105E	beta-ketoacyl-ACP reductase FabG [UNKNOWN]	core	AMR	POINT	NA	NA	POINTX	244	244	100.00	99.18	244	WP_001718014.1	beta-ketoacyl-ACP reductase FabG	NA	NA
NA	NC_013361.1	1439814	1440545	+	fabG_V159I	beta-ketoacyl-ACP reductase FabG [UNKNOWN]	core	AMR	POINT	NA	NA	POINTX	244	244	100.00	99.18	244	WP_001718014.1	beta-ketoacyl-ACP reductase FabG	NA	NA
NA	NC_013361.1	1439814	1440545	+	fabG_Y151Y	beta-ketoacyl-ACP reductase FabG [WILDTYPE]	core	AMR	POINT	TRICLOSAN	TRICLOSAN	POINTX	244	244	100.00	99.18	244	WP_001718014.1	beta-ketoacyl-ACP reductase FabG	NA	NA
NA	NC_013361.1	1808366	1809151	-	fabI_F203F	enoyl-[acyl-carrier-protein] reductase FabI [WILDTYPE]	core	AMR	POINT	ISONIAZID/TRICLOSAN	ISONIAZID/TRICLOSAN	POINTX	262	262	100.00	100.00	262	WP_000506490.1	enoyl-[acyl-carrier-protein] reductase FabI	NA	NA
NA	NC_013361.1	1808366	1809151	-	fabI_F203F	enoyl-[acyl-carrier-protein] reductase FabI [WILDTYPE]	core	AMR	POINT	TRICLOSAN	TRICLOSAN	POINTX	262	262	100.00	100.00	262	WP_000506490.1	enoyl-[acyl-carrier-protein] reductase FabI	NA	NA
NA	NC_013361.1	1808366	1809151	-	fabI_G93G	enoyl-[acyl-carrier-protein] reductase FabI [WILDTYPE]	core	AMR	POINT	ISONIAZID/TRICLOSAN	ISONIAZID/TRICLOSAN	POINTX	262	262	100.00	100.00	262	WP_000506490.1	enoyl-[acyl-carrier-protein] reductase FabI	NA	NA
NA	NC_013361.1	1808366	1809151	-	fabI_M159M	enoyl-[acyl-carrier-protein] reductase FabI [WILDTYPE]	core	AMR	POINT	TRICLOSAN	TRICLOSAN	POINTX	262	262	100.00	100.00	262	WP_000506490.1	enoyl-[acyl-carrier-protein] reductase FabI	NA	NA
NA	NC_013361.1	2100185	2100616	+	marR_A70A	transcriptional regulator MarR [WILDTYPE]	core	AMR	POINT	MULTIDRUG	AMPICILLIN/CHLORAMPHENICOL/QUINOLONE/RIFAMPIN/TETRACYCLINE	POINTX	144	144	100.00	98.61	144	WP_000843414.1	transcriptional regulator MarR	NA	NA
NA	NC_013361.1	2100185	2100616	+	marR_E31E	transcriptional regulator MarR [WILDTYPE]	core	AMR	POINT	MULTIDRUG	AMPICILLIN/CHLORAMPHENICOL/QUINOLONE/RIFAMPIN/TETRACYCLINE	POINTX	144	144	100.00	98.61	144	WP_000843414.1	transcriptional regulator MarR	NA	NA
NA	NC_013361.1	2100185	2100616	+	marR_G103S	transcriptional regulator MarR [UNKNOWN]	core	AMR	POINT	NA	NA	POINTX	144	144	100.00	98.61	144	WP_000843414.1	transcriptional regulator MarR	NA	NA
NA	NC_013361.1	2100185	2100616	+	marR_I49I	transcriptional regulator MarR [WILDTYPE]	core	AMR	POINT	MULTIDRUG	AMPICILLIN/CHLORAMPHENICOL/QUINOLONE/RIFAMPIN/TETRACYCLINE	POINTX	144	144	100.00	98.61	144	WP_000843414.1	transcriptional regulator MarR	NA	NA
NA	NC_013361.1	2100185	2100616	+	marR_L78L	transcriptional regulator MarR [WILDTYPE]	core	AMR	POINT	MULTIDRUG	AMPICILLIN/CHLORAMPHENICOL/QUINOLONE/RIFAMPIN/TETRACYCLINE	POINTX	144	144	100.00	98.61	144	WP_000843414.1	transcriptional regulator MarR	NA	NA
NA	NC_013361.1	2100185	2100616	+	marR_M1V	transcriptional regulator MarR [UNKNOWN]	core	AMR	POINT	NA	NA	POINTX	144	144	100.00	98.61	144	WP_000843414.1	transcriptional regulator MarR	NA	NA
NA	NC_013361.1	2100185	2100616	+	marR_R73R	transcriptional regulator MarR [WILDTYPE]	core	AMR	POINT	MULTIDRUG	AMPICILLIN/CHLORAMPHENICOL/QUINOLONE/RIFAMPIN/TETRACYCLINE	POINTX	144	144	100.00	98.61	144	WP_000843414.1	transcriptional regulator MarR	NA	NA
NA	NC_013361.1	2100185	2100616	+	marR_R77R	transcriptional regulator MarR [WILDTYPE]	core	AMR	POINT	MULTIDRUG	AMPICILLIN/CHLORAMPHENICOL/QUINOLONE/RIFAMPIN/TETRACYCLINE	POINTX	144	144	100.00	98.61	144	WP_000843414.1	transcriptional regulator MarR	NA	NA
NA	NC_013361.1	2100185	2100616	+	marR_R94R	transcriptional regulator MarR [WILDTYPE]	core	AMR	POINT	MULTIDRUG	AMPICILLIN/CHLORAMPHENICOL/QUINOLONE/RIFAMPIN/TETRACYCLINE	POINTX	144	144	100.00	98.61	144	WP_000843414.1	transcriptional regulator MarR	NA	NA
NA	NC_013361.1	2100185	2100616	+	marR_S3S	transcriptional regulator MarR [WILDTYPE]	core	AMR	POINT	MULTIDRUG	AMPICILLIN/CHLORAMPHENICOL/QUINOLONE/RIFAMPIN/TETRACYCLINE	POINTX	144	144	100.00	98.61	144	WP_000843414.1	transcriptional regulator MarR	NA	NA
NA	NC_013361.1	2100185	2100616	+	marR_V45V	transcriptional regulator MarR [WILDTYPE]	core	AMR	POINT	MULTIDRUG	AMPICILLIN/CHLORAMPHENICOL/QUINOLONE/RIFAMPIN/TETRACYCLINE	POINTX	144	144	100.00	98.61	144	WP_000843414.1	transcriptional regulator MarR	NA	NA
NA	NC_013361.1	2100185	2100616	+	marR_V96V	transcriptional regulator MarR [WILDTYPE]	core	AMR	POINT	MULTIDRUG	AMPICILLIN/CHLORAMPHENICOL/QUINOLONE/RIFAMPIN/TETRACYCLINE	POINTX	144	144	100.00	98.61	144	WP_000843414.1	transcriptional regulator MarR	NA	NA
NA	NC_013361.1	2100185	2100616	+	marR_Y137H	transcriptional regulator MarR [UNKNOWN]	core	AMR	POINT	NA	NA	POINTX	144	144	100.00	98.61	144	WP_000843414.1	transcriptional regulator MarR	NA	NA
NA	NC_013361.1	2916093	2917493	+	baeS_D400E	two-component system sensor histidine kinase BaeS [UNKNOWN]	core	AMR	POINT	NA	NA	POINTX	467	467	100.00	99.14	467	WP_000675150.1	two-component system sensor histidine kinase BaeS	NA	NA
NA	NC_013361.1	2916093	2917493	+	baeS_G380E	two-component system sensor histidine kinase BaeS [UNKNOWN]	core	AMR	POINT	NA	NA	POINTX	467	467	100.00	99.14	467	WP_000675150.1	two-component system sensor histidine kinase BaeS	NA	NA
NA	NC_013361.1	2916093	2917493	+	baeS_Q163Q	two-component system sensor histidine kinase BaeS [WILDTYPE]	core	AMR	POINT	BETA-LACTAM	TEMOCILLIN	POINTX	467	467	100.00	99.14	467	WP_000675150.1	two-component system sensor histidine kinase BaeS	NA	NA
NA	NC_013361.1	2916093	2917493	+	baeS_Q376K	two-component system sensor histidine kinase BaeS [UNKNOWN]	core	AMR	POINT	NA	NA	POINTX	467	467	100.00	99.14	467	WP_000675150.1	two-component system sensor histidine kinase BaeS	NA	NA
NA	NC_013361.1	2916093	2917493	+	baeS_R153R	two-component system sensor histidine kinase BaeS [WILDTYPE]	core	AMR	POINT	BETA-LACTAM	TEMOCILLIN	POINTX	467	467	100.00	99.14	467	WP_000675150.1	two-component system sensor histidine kinase BaeS	NA	NA
NA	NC_013361.1	2916093	2917493	+	baeS_R382H	two-component system sensor histidine kinase BaeS [UNKNOWN]	core	AMR	POINT	NA	NA	POINTX	467	467	100.00	99.14	467	WP_000675150.1	two-component system sensor histidine kinase BaeS	NA	NA
NA	NC_013361.1	2916093	2917493	+	baeS_T175T	two-component system sensor histidine kinase BaeS [WILDTYPE]	core	AMR	POINT	BETA-LACTAM	TEMOCILLIN	POINTX	467	467	100.00	99.14	467	WP_000675150.1	two-component system sensor histidine kinase BaeS	NA	NA
NA	NC_013361.1	3000076	3002064	-	cirA_Q42Q	catecholate siderophore receptor CirA [WILDTYPE]	core	AMR	POINT	BETA-LACTAM	CEFIDEROCOL	POINTX	663	663	100.00	100.00	663	WP_000489247.1	catecholate siderophore receptor CirA	NA	NA
NA	NC_013361.1	3000076	3002064	-	cirA_R86R	catecholate siderophore receptor CirA [WILDTYPE]	core	AMR	POINT	BETA-LACTAM	CEFIDEROCOL	POINTX	663	663	100.00	100.00	663	WP_000489247.1	catecholate siderophore receptor CirA	NA	NA
NA	NC_013361.1	3073725	3074813	-	ompC_A226D	outer membrane porin C OmpC [UNKNOWN]	core	AMR	POINT	NA	NA	POINTX	363	367	100.00	96.19	367	WP_000865568.1	outer membrane porin C OmpC	NA	NA
NA	NC_013361.1	3073725	3074813	-	ompC_D192E	outer membrane porin C OmpC [UNKNOWN]	core	AMR	POINT	NA	NA	POINTX	363	367	100.00	96.19	367	WP_000865568.1	outer membrane porin C OmpC	NA	NA
NA	NC_013361.1	3073725	3074813	-	ompC_FTSGV182M	outer membrane porin C OmpC [UNKNOWN]	core	AMR	POINT	NA	NA	POINTX	363	367	100.00	96.19	367	WP_000865568.1	outer membrane porin C OmpC	NA	NA
NA	NC_013361.1	3073725	3074813	-	ompC_G216A	outer membrane porin C OmpC [UNKNOWN]	core	AMR	POINT	NA	NA	POINTX	363	367	100.00	96.19	367	WP_000865568.1	outer membrane porin C OmpC	NA	NA
NA	NC_013361.1	3073725	3074813	-	ompC_I218V	outer membrane porin C OmpC [UNKNOWN]	core	AMR	POINT	NA	NA	POINTX	363	367	100.00	96.19	367	WP_000865568.1	outer membrane porin C OmpC	NA	NA
NA	NC_013361.1	3073725	3074813	-	ompC_NP176SV	outer membrane porin C OmpC [UNKNOWN]	core	AMR	POINT	NA	NA	POINTX	363	367	100.00	96.19	367	WP_000865568.1	outer membrane porin C OmpC	NA	NA
NA	NC_013361.1	3073725	3074813	-	ompC_Q171Q	outer membrane porin C OmpC [WILDTYPE]	core	AMR	POINT	BETA-LACTAM	CARBAPENEM	POINTX	363	367	100.00	96.19	367	WP_000865568.1	outer membrane porin C OmpC	NA	NA
NA	NC_013361.1	3073725	3074813	-	ompC_Q82Q	outer membrane porin C OmpC [WILDTYPE]	core	AMR	POINT	BETA-LACTAM	CARBAPENEM	POINTX	363	367	100.00	96.19	367	WP_000865568.1	outer membrane porin C OmpC	NA	NA
NA	NC_013361.1	3073725	3074813	-	ompC_R195R	outer membrane porin C OmpC [WILDTYPE]	core	AMR	POINT	BETA-LACTAM	CARBAPENEM	POINTX	363	367	100.00	96.19	367	WP_000865568.1	outer membrane porin C OmpC	NA	NA
NA	NC_013361.1	3073725	3074813	-	ompC_TAA229SPL	outer membrane porin C OmpC [UNKNOWN]	core	AMR	POINT	NA	NA	POINTX	363	367	100.00	96.19	367	WP_000865568.1	outer membrane porin C OmpC	NA	NA
NA	NC_013361.1	3141280	3143904	-	gyrA_A196A	DNA gyrase subunit A GyrA [WILDTYPE]	core	AMR	POINT	QUINOLONE	QUINOLONE	POINTX	875	878	99.66	99.20	875	WP_001281243.1	DNA gyrase subunit A GyrA	NA	NA
NA	NC_013361.1	3141280	3143904	-	gyrA_A51A	DNA gyrase subunit A GyrA [WILDTYPE]	core	AMR	POINT	QUINOLONE	QUINOLONE	POINTX	875	878	99.66	99.20	875	WP_001281243.1	DNA gyrase subunit A GyrA	NA	NA
NA	NC_013361.1	3141280	3143904	-	gyrA_A67A	DNA gyrase subunit A GyrA [WILDTYPE]	core	AMR	POINT	QUINOLONE	QUINOLONE	POINTX	875	878	99.66	99.20	875	WP_001281243.1	DNA gyrase subunit A GyrA	NA	NA
NA	NC_013361.1	3141280	3143904	-	gyrA_A84A	DNA gyrase subunit A GyrA [WILDTYPE]	core	AMR	POINT	QUINOLONE	QUINOLONE	POINTX	875	878	99.66	99.20	875	WP_001281243.1	DNA gyrase subunit A GyrA	NA	NA
NA	NC_013361.1	3141280	3143904	-	gyrA_D82D	DNA gyrase subunit A GyrA [WILDTYPE]	core	AMR	POINT	QUINOLONE	QUINOLONE	POINTX	875	878	99.66	99.20	875	WP_001281243.1	DNA gyrase subunit A GyrA	NA	NA
NA	NC_013361.1	3141280	3143904	-	gyrA_D87D	DNA gyrase subunit A GyrA [WILDTYPE]	core	AMR	POINT	QUINOLONE	QUINOLONE	POINTX	875	878	99.66	99.20	875	WP_001281243.1	DNA gyrase subunit A GyrA	NA	NA
NA	NC_013361.1	3141280	3143904	-	gyrA_D87D	DNA gyrase subunit A GyrA [WILDTYPE]	core	AMR	POINT	QUINOLONE/TRICLOSAN	QUINOLONE/TRICLOSAN	POINTX	875	878	99.66	99.20	875	WP_001281243.1	DNA gyrase subunit A GyrA	NA	NA
NA	NC_013361.1	3141280	3143904	-	gyrA_DVADD871EPEEE	DNA gyrase subunit A GyrA [UNKNOWN]	core	AMR	POINT	NA	NA	POINTX	875	878	99.66	99.20	875	WP_001281243.1	DNA gyrase subunit A GyrA	NA	NA
NA	NC_013361.1	3141280	3143904	-	gyrA_ES867DV	DNA gyrase subunit A GyrA [UNKNOWN]	core	AMR	POINT	NA	NA	POINTX	875	878	99.66	99.20	875	WP_001281243.1	DNA gyrase subunit A GyrA	NA	NA
NA	NC_013361.1	3141280	3143904	-	gyrA_G81G	DNA gyrase subunit A GyrA [WILDTYPE]	core	AMR	POINT	QUINOLONE	QUINOLONE	POINTX	875	878	99.66	99.20	875	WP_001281243.1	DNA gyrase subunit A GyrA	NA	NA
NA	NC_013361.1	3141280	3143904	-	gyrA_H80H	DNA gyrase subunit A GyrA [WILDTYPE]	core	AMR	POINT	QUINOLONE	QUINOLONE	POINTX	875	878	99.66	99.20	875	WP_001281243.1	DNA gyrase subunit A GyrA	NA	NA
NA	NC_013361.1	3141280	3143904	-	gyrA_N57N	DNA gyrase subunit A GyrA [WILDTYPE]	core	AMR	POINT	QUINOLONE	QUINOLONE	POINTX	875	878	99.66	99.20	875	WP_001281243.1	DNA gyrase subunit A GyrA	NA	NA
NA	NC_013361.1	3141280	3143904	-	gyrA_Q106Q	DNA gyrase subunit A GyrA [WILDTYPE]	core	AMR	POINT	QUINOLONE	QUINOLONE	POINTX	875	878	99.66	99.20	875	WP_001281243.1	DNA gyrase subunit A GyrA	NA	NA
NA	NC_013361.1	3141280	3143904	-	gyrA_S83S	DNA gyrase subunit A GyrA [WILDTYPE]	core	AMR	POINT	QUINOLONE	QUINOLONE	POINTX	875	878	99.66	99.20	875	WP_001281243.1	DNA gyrase subunit A GyrA	NA	NA
NA	NC_013361.1	3141280	3143904	-	gyrA_S83S	DNA gyrase subunit A GyrA [WILDTYPE]	core	AMR	POINT	QUINOLONE/TRICLOSAN	QUINOLONE/TRICLOSAN	POINTX	875	878	99.66	99.20	875	WP_001281243.1	DNA gyrase subunit A GyrA	NA	NA
NA	NC_013361.1	3155340	3156695	-	glpT_E448K	Escherichia fosfomycin resistant GlpT	core	AMR	POINT	FOSFOMYCIN	FOSFOMYCIN	POINTX	452	452	100.00	99.78	452	WP_000948731.1	glycerol-3-phosphate transporter GlpT	NA	NA
NA	NC_013361.1	3390877	3392601	+	ptsI_R367K	phosphoenolpyruvate--protein phosphotransferase PtsI [UNKNOWN]	core	AMR	POINT	NA	NA	POINTX	575	575	100.00	99.83	575	WP_000623140.1	phosphoenolpyruvate--protein phosphotransferase PtsI	NA	NA
NA	NC_013361.1	3390877	3392601	+	ptsI_V25V	phosphoenolpyruvate--protein phosphotransferase PtsI [WILDTYPE]	core	AMR	POINT	FOSFOMYCIN	FOSFOMYCIN	POINTX	575	575	100.00	99.83	575	WP_000623140.1	phosphoenolpyruvate--protein phosphotransferase PtsI	NA	NA
NA	NC_013361.1	3575217	3578121	-	23S_A1220G	Escherichia 23S ribosomal RNA [UNKNOWN]	core	AMR	POINT	NA	NA	POINTN	2905	2905	100.00	99.35	2905	NC_004431.1:237160-240064	23S ribosomal RNA	NA	NA
NA	NC_013361.1	3575217	3578121	-	23S_A142T	Escherichia 23S ribosomal RNA [UNKNOWN]	core	AMR	POINT	NA	NA	POINTN	2905	2905	100.00	99.35	2905	NC_004431.1:237160-240064	23S ribosomal RNA	NA	NA
NA	NC_013361.1	3575217	3578121	-	23S_A2058A	Escherichia 23S ribosomal RNA [WILDTYPE]	core	AMR	POINT	MACROLIDE	AZITHROMYCIN/ERYTHROMYCIN/TELITHROMYCIN	POINTN	2905	2905	100.00	99.35	2905	NC_004431.1:237160-240064	23S ribosomal RNA	NA	NA
NA	NC_013361.1	3575217	3578121	-	23S_C2611C	Escherichia 23S ribosomal RNA [WILDTYPE]	core	AMR	POINT	MACROLIDE	ERYTHROMYCIN/TELITHROMYCIN	POINTN	2905	2905	100.00	99.35	2905	NC_004431.1:237160-240064	23S ribosomal RNA	NA	NA
NA	NC_013361.1	3575217	3578121	-	23S_C846T	Escherichia 23S ribosomal RNA [UNKNOWN]	core	AMR	POINT	NA	NA	POINTN	2905	2905	100.00	99.35	2905	NC_004431.1:237160-240064	23S ribosomal RNA	NA	NA
NA	NC_013361.1	3575217	3578121	-	23S_CGA1725TCC	Escherichia 23S ribosomal RNA [UNKNOWN]	core	AMR	POINT	NA	NA	POINTN	2905	2905	100.00	99.35	2905	NC_004431.1:237160-240064	23S ribosomal RNA	NA	NA
NA	NC_013361.1	3575217	3578121	-	23S_G2032G	Escherichia 23S ribosomal RNA [WILDTYPE]	core	AMR	POINT	LINCOSAMIDE/OXAZOLIDINONE	CLINDAMYCIN/LINEZOLID	POINTN	2905	2905	100.00	99.35	2905	NC_004431.1:237160-240064	23S ribosomal RNA	NA	NA
NA	NC_013361.1	3575217	3578121	-	23S_G2032G	Escherichia 23S ribosomal RNA [WILDTYPE]	core	AMR	POINT	MACROLIDE/OXAZOLIDINONE	CLARITHROMYCIN/LINEZOLID	POINTN	2905	2905	100.00	99.35	2905	NC_004431.1:237160-240064	23S ribosomal RNA	NA	NA
NA	NC_013361.1	3575217	3578121	-	23S_G2032G	Escherichia 23S ribosomal RNA [WILDTYPE]	core	AMR	POINT	OXAZOLIDINONE	LINEZOLID	POINTN	2905	2905	100.00	99.35	2905	NC_004431.1:237160-240064	23S ribosomal RNA	NA	NA
NA	NC_013361.1	3575217	3578121	-	23S_G2057G	Escherichia 23S ribosomal RNA [WILDTYPE]	core	AMR	POINT	MULTIDRUG	CHLORAMPHENICOL/ERYTHROMYCIN/TELITHROMYCIN	POINTN	2905	2905	100.00	99.35	2905	NC_004431.1:237160-240064	23S ribosomal RNA	NA	NA
NA	NC_013361.1	3575217	3578121	-	23S_G2447G	Escherichia 23S ribosomal RNA [WILDTYPE]	core	AMR	POINT	OXAZOLIDINONE	LINEZOLID	POINTN	2905	2905	100.00	99.35	2905	NC_004431.1:237160-240064	23S ribosomal RNA	NA	NA
NA	NC_013361.1	3575217	3578121	-	23S_G264C	Escherichia 23S ribosomal RNA [UNKNOWN]	core	AMR	POINT	NA	NA	POINTN	2905	2905	100.00	99.35	2905	NC_004431.1:237160-240064	23S ribosomal RNA	NA	NA
NA	NC_013361.1	3575217	3578121	-	23S_G2802A	Escherichia 23S ribosomal RNA [UNKNOWN]	core	AMR	POINT	NA	NA	POINTN	2905	2905	100.00	99.35	2905	NC_004431.1:237160-240064	23S ribosomal RNA	NA	NA
NA	NC_013361.1	3575217	3578121	-	23S_N970T	Escherichia 23S ribosomal RNA [UNKNOWN]	core	AMR	POINT	NA	NA	POINTN	2905	2905	100.00	99.35	2905	NC_004431.1:237160-240064	23S ribosomal RNA	NA	NA
NA	NC_013361.1	3575217	3578121	-	23S_T1174G	Escherichia 23S ribosomal RNA [UNKNOWN]	core	AMR	POINT	NA	NA	POINTN	2905	2905	100.00	99.35	2905	NC_004431.1:237160-240064	23S ribosomal RNA	NA	NA
NA	NC_013361.1	3575217	3578121	-	23S_T1229C	Escherichia 23S ribosomal RNA [UNKNOWN]	core	AMR	POINT	NA	NA	POINTN	2905	2905	100.00	99.35	2905	NC_004431.1:237160-240064	23S ribosomal RNA	NA	NA
NA	NC_013361.1	3575217	3578121	-	23S_T137A	Escherichia 23S ribosomal RNA [UNKNOWN]	core	AMR	POINT	NA	NA	POINTN	2905	2905	100.00	99.35	2905	NC_004431.1:237160-240064	23S ribosomal RNA	NA	NA
NA	NC_013361.1	3575217	3578121	-	23S_T1730C	Escherichia 23S ribosomal RNA [UNKNOWN]	core	AMR	POINT	NA	NA	POINTN	2905	2905	100.00	99.35	2905	NC_004431.1:237160-240064	23S ribosomal RNA	NA	NA
NA	NC_013361.1	3575217	3578121	-	23S_T2609T	Escherichia 23S ribosomal RNA [WILDTYPE]	core	AMR	POINT	MACROLIDE	TELITHROMYCIN	POINTN	2905	2905	100.00	99.35	2905	NC_004431.1:237160-240064	23S ribosomal RNA	NA	NA
NA	NC_013361.1	3575217	3578121	-	23S_T542C	Escherichia 23S ribosomal RNA [UNKNOWN]	core	AMR	POINT	NA	NA	POINTN	2905	2905	100.00	99.35	2905	NC_004431.1:237160-240064	23S ribosomal RNA	NA	NA
NA	NC_013361.1	3575217	3578121	-	23S_T754T	Escherichia 23S ribosomal RNA [WILDTYPE]	core	AMR	POINT	MACROLIDE	ERYTHROMYCIN/TELITHROMYCIN	POINTN	2905	2905	100.00	99.35	2905	NC_004431.1:237160-240064	23S ribosomal RNA	NA	NA
NA	NC_013361.1	3575217	3578121	-	23S_TC1506CT	Escherichia 23S ribosomal RNA [UNKNOWN]	core	AMR	POINT	NA	NA	POINTN	2905	2905	100.00	99.35	2905	NC_004431.1:237160-240064	23S ribosomal RNA	NA	NA
NA	NC_013361.1	3575217	3578121	-	23S_TCG1733GGA	Escherichia 23S ribosomal RNA [UNKNOWN]	core	AMR	POINT	NA	NA	POINTN	2905	2905	100.00	99.35	2905	NC_004431.1:237160-240064	23S ribosomal RNA	NA	NA
NA	NC_013361.1	3578552	3580094	-	16S_A1055A	Escherichia 16S ribosomal RNA [WILDTYPE]	core	AMR	POINT	TETRACYCLINE	TETRACYCLINE	POINTN	1543	1543	100.00	99.94	1543	NC_000913.3:4166659-4168201	16S ribosomal RNA	NA	NA
NA	NC_013361.1	3578552	3580094	-	16S_A1408A	Escherichia 16S ribosomal RNA [WILDTYPE]	core	AMR	POINT	AMINOGLYCOSIDE	GENTAMICIN_C/NEOMYCIN/PAROMOMYCIN	POINTN	1543	1543	100.00	99.94	1543	NC_000913.3:4166659-4168201	16S ribosomal RNA	NA	NA
NA	NC_013361.1	3578552	3580094	-	16S_A1499A	Escherichia 16S ribosomal RNA [WILDTYPE]	core	AMR	POINT	EDEINE	EDEINE	POINTN	1543	1543	100.00	99.94	1543	NC_000913.3:4166659-4168201	16S ribosomal RNA	NA	NA
NA	NC_013361.1	3578552	3580094	-	16S_A1519A	Escherichia 16S ribosomal RNA [WILDTYPE]	core	AMR	POINT	AMINOGLYCOSIDE	KASUGAMYCIN	POINTN	1543	1543	100.00	99.55	1543	NC_000913.3:3941808-3943350	16S ribosomal RNA	NA	NA
NA	NC_013361.1	3578552	3580094	-	16S_A523A	Escherichia 16S ribosomal RNA [WILDTYPE]	core	AMR	POINT	AMINOGLYCOSIDE	STREPTOMYCIN	POINTN	1543	1543	100.00	99.94	1543	NC_000913.3:4166659-4168201	16S ribosomal RNA	NA	NA
NA	NC_013361.1	3578552	3580094	-	16S_A794A	Escherichia 16S ribosomal RNA [WILDTYPE]	core	AMR	POINT	AMINOGLYCOSIDE	KASUGAMYCIN	POINTN	1543	1543	100.00	99.55	1543	NC_000913.3:3941808-3943350	16S ribosomal RNA	NA	NA
NA	NC_013361.1	3578552	3580094	-	16S_A964A	Escherichia 16S ribosomal RNA [WILDTYPE]	core	AMR	POINT	TETRACYCLINE	TETRACYCLINE	POINTN	1543	1543	100.00	99.94	1543	NC_000913.3:4166659-4168201	16S ribosomal RNA	NA	NA
NA	NC_013361.1	3578552	3580094	-	16S_C1054C	Escherichia 16S ribosomal RNA [WILDTYPE]	core	AMR	POINT	TETRACYCLINE	TETRACYCLINE	POINTN	1543	1543	100.00	99.94	1543	NC_000913.3:4166659-4168201	16S ribosomal RNA	NA	NA
NA	NC_013361.1	3578552	3580094	-	16S_C1066C	Escherichia 16S ribosomal RNA [WILDTYPE]	core	AMR	POINT	AMINOGLYCOSIDE	SPECTINOMYCIN	POINTN	1543	1543	100.00	99.94	1543	NC_000913.3:4166659-4168201	16S ribosomal RNA	NA	NA
NA	NC_013361.1	3578552	3580094	-	16S_C1192C	Escherichia 16S ribosomal RNA [WILDTYPE]	core	AMR	POINT	AMINOGLYCOSIDE	SPECTINOMYCIN	POINTN	1543	1543	100.00	99.94	1543	NC_000913.3:4166659-4168201	16S ribosomal RNA	NA	NA
NA	NC_013361.1	3578552	3580094	-	16S_C528C	Escherichia 16S ribosomal RNA [WILDTYPE]	core	AMR	POINT	AMINOGLYCOSIDE	STREPTOMYCIN	POINTN	1543	1543	100.00	99.94	1543	NC_000913.3:4166659-4168201	16S ribosomal RNA	NA	NA
NA	NC_013361.1	3578552	3580094	-	16S_G1053G	Escherichia 16S ribosomal RNA [WILDTYPE]	core	AMR	POINT	TETRACYCLINE	TETRACYCLINE	POINTN	1543	1543	100.00	99.94	1543	NC_000913.3:4166659-4168201	16S ribosomal RNA	NA	NA
NA	NC_013361.1	3578552	3580094	-	16S_G1058G	Escherichia 16S ribosomal RNA [WILDTYPE]	core	AMR	POINT	TETRACYCLINE	TETRACYCLINE	POINTN	1543	1543	100.00	99.94	1543	NC_000913.3:4166659-4168201	16S ribosomal RNA	NA	NA
NA	NC_013361.1	3578552	3580094	-	16S_G1064G	Escherichia 16S ribosomal RNA [WILDTYPE]	core	AMR	POINT	AMINOGLYCOSIDE	SPECTINOMYCIN	POINTN	1543	1543	100.00	99.94	1543	NC_000913.3:4166659-4168201	16S ribosomal RNA	NA	NA
NA	NC_013361.1	3578552	3580094	-	16S_G1068G	Escherichia 16S ribosomal RNA [WILDTYPE]	core	AMR	POINT	AMINOGLYCOSIDE	SPECTINOMYCIN	POINTN	1543	1543	100.00	99.94	1543	NC_000913.3:4166659-4168201	16S ribosomal RNA	NA	NA
NA	NC_013361.1	3578552	3580094	-	16S_G527G	Escherichia 16S ribosomal RNA [WILDTYPE]	core	AMR	POINT	AMINOGLYCOSIDE	STREPTOMYCIN	POINTN	1543	1543	100.00	99.94	1543	NC_000913.3:4166659-4168201	16S ribosomal RNA	NA	NA
NA	NC_013361.1	3578552	3580094	-	16S_G926G	Escherichia 16S ribosomal RNA [WILDTYPE]	core	AMR	POINT	AMINOGLYCOSIDE	KASUGAMYCIN	POINTN	1543	1543	100.00	99.55	1543	NC_000913.3:3941808-3943350	16S ribosomal RNA	NA	NA
NA	NC_013361.1	3578552	3580094	-	16S_T1406T	Escherichia 16S ribosomal RNA [WILDTYPE]	core	AMR	POINT	AMINOGLYCOSIDE	G418/TOBRAMYCIN	POINTN	1543	1543	100.00	99.94	1543	NC_000913.3:4166659-4168201	16S ribosomal RNA	NA	NA
NA	NC_013361.1	3578552	3580094	-	16S_rrsB_C1218T	Escherichia 16S ribosomal RNA [UNKNOWN]	core	AMR	POINT	NA	NA	POINTN	1543	1543	100.00	99.94	1543	NC_000913.3:4166659-4168201	16S ribosomal RNA	NA	NA
NA	NC_013361.1	3578552	3580094	-	16S_rrsC_A226G	Escherichia 16S ribosomal RNA [UNKNOWN]	core	AMR	POINT	NA	NA	POINTN	1543	1543	100.00	99.55	1543	NC_000913.3:3941808-3943350	16S ribosomal RNA	NA	NA
NA	NC_013361.1	3578552	3580094	-	16S_rrsC_AC79GA	Escherichia 16S ribosomal RNA [UNKNOWN]	core	AMR	POINT	NA	NA	POINTN	1543	1543	100.00	99.55	1543	NC_000913.3:3941808-3943350	16S ribosomal RNA	NA	NA
NA	NC_013361.1	3578552	3580094	-	16S_rrsC_C1218T	Escherichia 16S ribosomal RNA [UNKNOWN]	core	AMR	POINT	NA	NA	POINTN	1543	1543	100.00	99.55	1543	NC_000913.3:3941808-3943350	16S ribosomal RNA	NA	NA
NA	NC_013361.1	3578552	3580094	-	16S_rrsC_C93T	Escherichia 16S ribosomal RNA [UNKNOWN]	core	AMR	POINT	NA	NA	POINTN	1543	1543	100.00	99.55	1543	NC_000913.3:3941808-3943350	16S ribosomal RNA	NA	NA
NA	NC_013361.1	3578552	3580094	-	16S_rrsC_GT89TC	Escherichia 16S ribosomal RNA [UNKNOWN]	core	AMR	POINT	NA	NA	POINTN	1543	1543	100.00	99.55	1543	NC_000913.3:3941808-3943350	16S ribosomal RNA	NA	NA
NA	NC_013361.1	3689217	3689744	+	emrR_L113L	multidrug efflux transporter EmrAB transcriptional repressor EmrR [WILDTYPE]	core	AMR	POINT	QUINOLONE	NITROXOLINE	POINTX	176	176	100.00	100.00	176	WP_000378442.1	multidrug efflux transporter EmrAB transcriptional repressor EmrR	NA	NA
NA	NC_013361.1	3689217	3689744	+	emrR_L64L	multidrug efflux transporter EmrAB transcriptional repressor EmrR [WILDTYPE]	core	AMR	POINT	QUINOLONE	NITROXOLINE	POINTX	176	176	100.00	100.00	176	WP_000378442.1	multidrug efflux transporter EmrAB transcriptional repressor EmrR	NA	NA
NA	NC_013361.1	4089098	4091353	-	parC_A108A	DNA topoisomerase IV subunit A ParC [WILDTYPE]	core	AMR	POINT	QUINOLONE	QUINOLONE	POINTX	752	752	100.00	99.87	752	WP_001281881.1	DNA topoisomerase IV subunit A ParC	NA	NA
NA	NC_013361.1	4089098	4091353	-	parC_A56A	DNA topoisomerase IV subunit A ParC [WILDTYPE]	core	AMR	POINT	QUINOLONE	QUINOLONE	POINTX	752	752	100.00	99.87	752	WP_001281881.1	DNA topoisomerase IV subunit A ParC	NA	NA
NA	NC_013361.1	4089098	4091353	-	parC_A85A	DNA topoisomerase IV subunit A ParC [WILDTYPE]	core	AMR	POINT	QUINOLONE	QUINOLONE	POINTX	752	752	100.00	99.87	752	WP_001281881.1	DNA topoisomerase IV subunit A ParC	NA	NA
NA	NC_013361.1	4089098	4091353	-	parC_D111D	DNA topoisomerase IV subunit A ParC [WILDTYPE]	core	AMR	POINT	QUINOLONE	QUINOLONE	POINTX	752	752	100.00	99.87	752	WP_001281881.1	DNA topoisomerase IV subunit A ParC	NA	NA
NA	NC_013361.1	4089098	4091353	-	parC_D204E	DNA topoisomerase IV subunit A ParC [UNKNOWN]	core	AMR	POINT	NA	NA	POINTX	752	752	100.00	99.87	752	WP_001281881.1	DNA topoisomerase IV subunit A ParC	NA	NA
NA	NC_013361.1	4089098	4091353	-	parC_E84E	DNA topoisomerase IV subunit A ParC [WILDTYPE]	core	AMR	POINT	QUINOLONE	QUINOLONE	POINTX	752	752	100.00	99.87	752	WP_001281881.1	DNA topoisomerase IV subunit A ParC	NA	NA
NA	NC_013361.1	4089098	4091353	-	parC_F60F	DNA topoisomerase IV subunit A ParC [WILDTYPE]	core	AMR	POINT	QUINOLONE	QUINOLONE	POINTX	752	752	100.00	99.87	752	WP_001281881.1	DNA topoisomerase IV subunit A ParC	NA	NA
NA	NC_013361.1	4089098	4091353	-	parC_G78G	DNA topoisomerase IV subunit A ParC [WILDTYPE]	core	AMR	POINT	QUINOLONE	QUINOLONE	POINTX	752	752	100.00	99.87	752	WP_001281881.1	DNA topoisomerase IV subunit A ParC	NA	NA
NA	NC_013361.1	4089098	4091353	-	parC_S129S	DNA topoisomerase IV subunit A ParC [WILDTYPE]	core	AMR	POINT	QUINOLONE	QUINOLONE	POINTX	752	752	100.00	99.87	752	WP_001281881.1	DNA topoisomerase IV subunit A ParC	NA	NA
NA	NC_013361.1	4089098	4091353	-	parC_S57S	DNA topoisomerase IV subunit A ParC [WILDTYPE]	core	AMR	POINT	QUINOLONE	QUINOLONE	POINTX	752	752	100.00	99.87	752	WP_001281881.1	DNA topoisomerase IV subunit A ParC	NA	NA
NA	NC_013361.1	4089098	4091353	-	parC_S80S	DNA topoisomerase IV subunit A ParC [WILDTYPE]	core	AMR	POINT	QUINOLONE	QUINOLONE	POINTX	752	752	100.00	99.87	752	WP_001281881.1	DNA topoisomerase IV subunit A ParC	NA	NA
NA	NC_013361.1	4096657	4098546	-	parE_D475D	DNA topoisomerase IV subunit B ParE [WILDTYPE]	core	AMR	POINT	QUINOLONE	QUINOLONE	POINTX	630	630	100.00	99.84	630	WP_033554192.1	DNA topoisomerase IV subunit B ParE	NA	NA
NA	NC_013361.1	4096657	4098546	-	parE_D476D	DNA topoisomerase IV subunit B ParE [WILDTYPE]	core	AMR	POINT	QUINOLONE	QUINOLONE	POINTX	630	630	100.00	99.84	630	WP_033554192.1	DNA topoisomerase IV subunit B ParE	NA	NA
NA	NC_013361.1	4096657	4098546	-	parE_E460E	DNA topoisomerase IV subunit B ParE [WILDTYPE]	core	AMR	POINT	QUINOLONE	QUINOLONE	POINTX	630	630	100.00	99.84	630	WP_033554192.1	DNA topoisomerase IV subunit B ParE	NA	NA
NA	NC_013361.1	4096657	4098546	-	parE_G423G	DNA topoisomerase IV subunit B ParE [WILDTYPE]	core	AMR	POINT	QUINOLONE	QUINOLONE	POINTX	630	630	100.00	99.84	630	WP_033554192.1	DNA topoisomerase IV subunit B ParE	NA	NA
NA	NC_013361.1	4096657	4098546	-	parE_H378R	DNA topoisomerase IV subunit B ParE [UNKNOWN]	core	AMR	POINT	NA	NA	POINTX	630	630	100.00	99.84	630	WP_033554192.1	DNA topoisomerase IV subunit B ParE	NA	NA
NA	NC_013361.1	4096657	4098546	-	parE_I355I	DNA topoisomerase IV subunit B ParE [WILDTYPE]	core	AMR	POINT	QUINOLONE	QUINOLONE	POINTX	630	630	100.00	99.84	630	WP_033554192.1	DNA topoisomerase IV subunit B ParE	NA	NA
NA	NC_013361.1	4096657	4098546	-	parE_I444I	DNA topoisomerase IV subunit B ParE [WILDTYPE]	core	AMR	POINT	QUINOLONE	QUINOLONE	POINTX	630	630	100.00	99.84	630	WP_033554192.1	DNA topoisomerase IV subunit B ParE	NA	NA
NA	NC_013361.1	4096657	4098546	-	parE_I464I	DNA topoisomerase IV subunit B ParE [WILDTYPE]	core	AMR	POINT	QUINOLONE	QUINOLONE	POINTX	630	630	100.00	99.84	630	WP_033554192.1	DNA topoisomerase IV subunit B ParE	NA	NA
NA	NC_013361.1	4096657	4098546	-	parE_I470I	DNA topoisomerase IV subunit B ParE [WILDTYPE]	core	AMR	POINT	QUINOLONE	QUINOLONE	POINTX	630	630	100.00	99.84	630	WP_033554192.1	DNA topoisomerase IV subunit B ParE	NA	NA
NA	NC_013361.1	4096657	4098546	-	parE_I529I	DNA topoisomerase IV subunit B ParE [WILDTYPE]	core	AMR	POINT	QUINOLONE	QUINOLONE	POINTX	630	630	100.00	99.84	630	WP_033554192.1	DNA topoisomerase IV subunit B ParE	NA	NA
NA	NC_013361.1	4096657	4098546	-	parE_L416L	DNA topoisomerase IV subunit B ParE [WILDTYPE]	core	AMR	POINT	QUINOLONE	QUINOLONE	POINTX	630	630	100.00	99.84	630	WP_033554192.1	DNA topoisomerase IV subunit B ParE	NA	NA
NA	NC_013361.1	4096657	4098546	-	parE_L445L	DNA topoisomerase IV subunit B ParE [WILDTYPE]	core	AMR	POINT	QUINOLONE	QUINOLONE	POINTX	630	630	100.00	99.84	630	WP_033554192.1	DNA topoisomerase IV subunit B ParE	NA	NA
NA	NC_013361.1	4096657	4098546	-	parE_P439P	DNA topoisomerase IV subunit B ParE [WILDTYPE]	core	AMR	POINT	QUINOLONE	QUINOLONE	POINTX	630	630	100.00	99.84	630	WP_033554192.1	DNA topoisomerase IV subunit B ParE	NA	NA
NA	NC_013361.1	4096657	4098546	-	parE_S458S	DNA topoisomerase IV subunit B ParE [WILDTYPE]	core	AMR	POINT	QUINOLONE	QUINOLONE	POINTX	630	630	100.00	99.84	630	WP_033554192.1	DNA topoisomerase IV subunit B ParE	NA	NA
NA	NC_013361.1	4254325	4255170	-	folP_F28F	dihydropteroate synthase FolP [WILDTYPE]	core	AMR	POINT	SULFONAMIDE	SULFONAMIDE	POINTX	282	282	100.00	100.00	282	WP_000764731.1	dihydropteroate synthase FolP	NA	NA
NA	NC_013361.1	4254325	4255170	-	folP_P64P	dihydropteroate synthase FolP [WILDTYPE]	core	AMR	POINT	SULFONAMIDE	SULFONAMIDE	POINTX	282	282	100.00	100.00	282	WP_000764731.1	dihydropteroate synthase FolP	NA	NA
NA	NC_013361.1	4265350	4266606	-	murA_C115C	UDP-N-acetylglucosamine 1-carboxyvinyltransferase MurA [WILDTYPE]	core	AMR	POINT	FOSFOMYCIN	FOSFOMYCIN	POINTX	419	419	100.00	100.00	419	WP_000357259.1	UDP-N-acetylglucosamine 1-carboxyvinyltransferase MurA	NA	NA
NA	NC_013361.1	4265350	4266606	-	murA_D396D	UDP-N-acetylglucosamine 1-carboxyvinyltransferase MurA [WILDTYPE]	core	AMR	POINT	FOSFOMYCIN	FOSFOMYCIN	POINTX	419	419	100.00	100.00	419	WP_000357259.1	UDP-N-acetylglucosamine 1-carboxyvinyltransferase MurA	NA	NA
NA	NC_013361.1	4265350	4266606	-	murA_L370L	UDP-N-acetylglucosamine 1-carboxyvinyltransferase MurA [WILDTYPE]	core	AMR	POINT	FOSFOMYCIN	FOSFOMYCIN	POINTX	419	419	100.00	100.00	419	WP_000357259.1	UDP-N-acetylglucosamine 1-carboxyvinyltransferase MurA	NA	NA
NA	NC_013361.1	4357076	4359982	-	23S_A1220G	Escherichia 23S ribosomal RNA [UNKNOWN]	core	AMR	POINT	NA	NA	POINTN	2907	2905	100.00	99.11	2907	NC_004431.1:237160-240064	23S ribosomal RNA	NA	NA
NA	NC_013361.1	4357076	4359982	-	23S_A142T	Escherichia 23S ribosomal RNA [UNKNOWN]	core	AMR	POINT	NA	NA	POINTN	2907	2905	100.00	99.11	2907	NC_004431.1:237160-240064	23S ribosomal RNA	NA	NA
NA	NC_013361.1	4357076	4359982	-	23S_A2058A	Escherichia 23S ribosomal RNA [WILDTYPE]	core	AMR	POINT	MACROLIDE	AZITHROMYCIN/ERYTHROMYCIN/TELITHROMYCIN	POINTN	2907	2905	100.00	99.11	2907	NC_004431.1:237160-240064	23S ribosomal RNA	NA	NA
NA	NC_013361.1	4357076	4359982	-	23S_AT541ACA	Escherichia 23S ribosomal RNA [UNKNOWN]	core	AMR	POINT	NA	NA	POINTN	2907	2905	100.00	99.11	2907	NC_004431.1:237160-240064	23S ribosomal RNA	NA	NA
NA	NC_013361.1	4357076	4359982	-	23S_C2611C	Escherichia 23S ribosomal RNA [WILDTYPE]	core	AMR	POINT	MACROLIDE	ERYTHROMYCIN/TELITHROMYCIN	POINTN	2907	2905	100.00	99.11	2907	NC_004431.1:237160-240064	23S ribosomal RNA	NA	NA
NA	NC_013361.1	4357076	4359982	-	23S_C550CT	Escherichia 23S ribosomal RNA [UNKNOWN]	core	AMR	POINT	NA	NA	POINTN	2907	2905	100.00	99.11	2907	NC_004431.1:237160-240064	23S ribosomal RNA	NA	NA
NA	NC_013361.1	4357076	4359982	-	23S_C846T	Escherichia 23S ribosomal RNA [UNKNOWN]	core	AMR	POINT	NA	NA	POINTN	2907	2905	100.00	99.11	2907	NC_004431.1:237160-240064	23S ribosomal RNA	NA	NA
NA	NC_013361.1	4357076	4359982	-	23S_CGA1725TCC	Escherichia 23S ribosomal RNA [UNKNOWN]	core	AMR	POINT	NA	NA	POINTN	2907	2905	100.00	99.11	2907	NC_004431.1:237160-240064	23S ribosomal RNA	NA	NA
NA	NC_013361.1	4357076	4359982	-	23S_CTT544AGC	Escherichia 23S ribosomal RNA [UNKNOWN]	core	AMR	POINT	NA	NA	POINTN	2907	2905	100.00	99.11	2907	NC_004431.1:237160-240064	23S ribosomal RNA	NA	NA
NA	NC_013361.1	4357076	4359982	-	23S_G2032G	Escherichia 23S ribosomal RNA [WILDTYPE]	core	AMR	POINT	LINCOSAMIDE/OXAZOLIDINONE	CLINDAMYCIN/LINEZOLID	POINTN	2907	2905	100.00	99.11	2907	NC_004431.1:237160-240064	23S ribosomal RNA	NA	NA
NA	NC_013361.1	4357076	4359982	-	23S_G2032G	Escherichia 23S ribosomal RNA [WILDTYPE]	core	AMR	POINT	MACROLIDE/OXAZOLIDINONE	CLARITHROMYCIN/LINEZOLID	POINTN	2907	2905	100.00	99.11	2907	NC_004431.1:237160-240064	23S ribosomal RNA	NA	NA
NA	NC_013361.1	4357076	4359982	-	23S_G2032G	Escherichia 23S ribosomal RNA [WILDTYPE]	core	AMR	POINT	OXAZOLIDINONE	LINEZOLID	POINTN	2907	2905	100.00	99.11	2907	NC_004431.1:237160-240064	23S ribosomal RNA	NA	NA
NA	NC_013361.1	4357076	4359982	-	23S_G2057G	Escherichia 23S ribosomal RNA [WILDTYPE]	core	AMR	POINT	MULTIDRUG	CHLORAMPHENICOL/ERYTHROMYCIN/TELITHROMYCIN	POINTN	2907	2905	100.00	99.11	2907	NC_004431.1:237160-240064	23S ribosomal RNA	NA	NA
NA	NC_013361.1	4357076	4359982	-	23S_G2447G	Escherichia 23S ribosomal RNA [WILDTYPE]	core	AMR	POINT	OXAZOLIDINONE	LINEZOLID	POINTN	2907	2905	100.00	99.11	2907	NC_004431.1:237160-240064	23S ribosomal RNA	NA	NA
NA	NC_013361.1	4357076	4359982	-	23S_G264C	Escherichia 23S ribosomal RNA [UNKNOWN]	core	AMR	POINT	NA	NA	POINTN	2907	2905	100.00	99.11	2907	NC_004431.1:237160-240064	23S ribosomal RNA	NA	NA
NA	NC_013361.1	4357076	4359982	-	23S_G2802A	Escherichia 23S ribosomal RNA [UNKNOWN]	core	AMR	POINT	NA	NA	POINTN	2907	2905	100.00	99.11	2907	NC_004431.1:237160-240064	23S ribosomal RNA	NA	NA
NA	NC_013361.1	4357076	4359982	-	23S_G285A	Escherichia 23S ribosomal RNA [UNKNOWN]	core	AMR	POINT	NA	NA	POINTN	2907	2905	100.00	99.11	2907	NC_004431.1:237160-240064	23S ribosomal RNA	NA	NA
NA	NC_013361.1	4357076	4359982	-	23S_GG548AT	Escherichia 23S ribosomal RNA [UNKNOWN]	core	AMR	POINT	NA	NA	POINTN	2907	2905	100.00	99.11	2907	NC_004431.1:237160-240064	23S ribosomal RNA	NA	NA
NA	NC_013361.1	4357076	4359982	-	23S_N970T	Escherichia 23S ribosomal RNA [UNKNOWN]	core	AMR	POINT	NA	NA	POINTN	2907	2905	100.00	99.11	2907	NC_004431.1:237160-240064	23S ribosomal RNA	NA	NA
NA	NC_013361.1	4357076	4359982	-	23S_T1229C	Escherichia 23S ribosomal RNA [UNKNOWN]	core	AMR	POINT	NA	NA	POINTN	2907	2905	100.00	99.11	2907	NC_004431.1:237160-240064	23S ribosomal RNA	NA	NA
NA	NC_013361.1	4357076	4359982	-	23S_T137A	Escherichia 23S ribosomal RNA [UNKNOWN]	core	AMR	POINT	NA	NA	POINTN	2907	2905	100.00	99.11	2907	NC_004431.1:237160-240064	23S ribosomal RNA	NA	NA
NA	NC_013361.1	4357076	4359982	-	23S_T1730C	Escherichia 23S ribosomal RNA [UNKNOWN]	core	AMR	POINT	NA	NA	POINTN	2907	2905	100.00	99.11	2907	NC_004431.1:237160-240064	23S ribosomal RNA	NA	NA
NA	NC_013361.1	4357076	4359982	-	23S_T1865C	Escherichia 23S ribosomal RNA [UNKNOWN]	core	AMR	POINT	NA	NA	POINTN	2907	2905	100.00	99.11	2907	NC_004431.1:237160-240064	23S ribosomal RNA	NA	NA
NA	NC_013361.1	4357076	4359982	-	23S_T2132G	Escherichia 23S ribosomal RNA [UNKNOWN]	core	AMR	POINT	NA	NA	POINTN	2907	2905	100.00	99.11	2907	NC_004431.1:237160-240064	23S ribosomal RNA	NA	NA
NA	NC_013361.1	4357076	4359982	-	23S_T2609T	Escherichia 23S ribosomal RNA [WILDTYPE]	core	AMR	POINT	MACROLIDE	TELITHROMYCIN	POINTN	2907	2905	100.00	99.11	2907	NC_004431.1:237160-240064	23S ribosomal RNA	NA	NA
NA	NC_013361.1	4357076	4359982	-	23S_T754T	Escherichia 23S ribosomal RNA [WILDTYPE]	core	AMR	POINT	MACROLIDE	ERYTHROMYCIN/TELITHROMYCIN	POINTN	2907	2905	100.00	99.11	2907	NC_004431.1:237160-240064	23S ribosomal RNA	NA	NA
NA	NC_013361.1	4357076	4359982	-	23S_TCG1733GGA	Escherichia 23S ribosomal RNA [UNKNOWN]	core	AMR	POINT	NA	NA	POINTN	2907	2905	100.00	99.11	2907	NC_004431.1:237160-240064	23S ribosomal RNA	NA	NA
NA	NC_013361.1	4360428	4361970	-	16S_A1055A	Escherichia 16S ribosomal RNA [WILDTYPE]	core	AMR	POINT	TETRACYCLINE	TETRACYCLINE	POINTN	1543	1543	100.00	99.94	1543	NC_000913.3:4166659-4168201	16S ribosomal RNA	NA	NA
NA	NC_013361.1	4360428	4361970	-	16S_A1408A	Escherichia 16S ribosomal RNA [WILDTYPE]	core	AMR	POINT	AMINOGLYCOSIDE	GENTAMICIN_C/NEOMYCIN/PAROMOMYCIN	POINTN	1543	1543	100.00	99.94	1543	NC_000913.3:4166659-4168201	16S ribosomal RNA	NA	NA
NA	NC_013361.1	4360428	4361970	-	16S_A1499A	Escherichia 16S ribosomal RNA [WILDTYPE]	core	AMR	POINT	EDEINE	EDEINE	POINTN	1543	1543	100.00	99.94	1543	NC_000913.3:4166659-4168201	16S ribosomal RNA	NA	NA
NA	NC_013361.1	4360428	4361970	-	16S_A1519A	Escherichia 16S ribosomal RNA [WILDTYPE]	core	AMR	POINT	AMINOGLYCOSIDE	KASUGAMYCIN	POINTN	1543	1543	100.00	99.55	1543	NC_000913.3:3941808-3943350	16S ribosomal RNA	NA	NA
NA	NC_013361.1	4360428	4361970	-	16S_A523A	Escherichia 16S ribosomal RNA [WILDTYPE]	core	AMR	POINT	AMINOGLYCOSIDE	STREPTOMYCIN	POINTN	1543	1543	100.00	99.94	1543	NC_000913.3:4166659-4168201	16S ribosomal RNA	NA	NA
NA	NC_013361.1	4360428	4361970	-	16S_A794A	Escherichia 16S ribosomal RNA [WILDTYPE]	core	AMR	POINT	AMINOGLYCOSIDE	KASUGAMYCIN	POINTN	1543	1543	100.00	99.55	1543	NC_000913.3:3941808-3943350	16S ribosomal RNA	NA	NA
NA	NC_013361.1	4360428	4361970	-	16S_A964A	Escherichia 16S ribosomal RNA [WILDTYPE]	core	AMR	POINT	TETRACYCLINE	TETRACYCLINE	POINTN	1543	1543	100.00	99.94	1543	NC_000913.3:4166659-4168201	16S ribosomal RNA	NA	NA
NA	NC_013361.1	4360428	4361970	-	16S_C1054C	Escherichia 16S ribosomal RNA [WILDTYPE]	core	AMR	POINT	TETRACYCLINE	TETRACYCLINE	POINTN	1543	1543	100.00	99.94	1543	NC_000913.3:4166659-4168201	16S ribosomal RNA	NA	NA
NA	NC_013361.1	4360428	4361970	-	16S_C1066C	Escherichia 16S ribosomal RNA [WILDTYPE]	core	AMR	POINT	AMINOGLYCOSIDE	SPECTINOMYCIN	POINTN	1543	1543	100.00	99.94	1543	NC_000913.3:4166659-4168201	16S ribosomal RNA	NA	NA
NA	NC_013361.1	4360428	4361970	-	16S_C1192C	Escherichia 16S ribosomal RNA [WILDTYPE]	core	AMR	POINT	AMINOGLYCOSIDE	SPECTINOMYCIN	POINTN	1543	1543	100.00	99.94	1543	NC_000913.3:4166659-4168201	16S ribosomal RNA	NA	NA
NA	NC_013361.1	4360428	4361970	-	16S_C528C	Escherichia 16S ribosomal RNA [WILDTYPE]	core	AMR	POINT	AMINOGLYCOSIDE	STREPTOMYCIN	POINTN	1543	1543	100.00	99.94	1543	NC_000913.3:4166659-4168201	16S ribosomal RNA	NA	NA
NA	NC_013361.1	4360428	4361970	-	16S_G1053G	Escherichia 16S ribosomal RNA [WILDTYPE]	core	AMR	POINT	TETRACYCLINE	TETRACYCLINE	POINTN	1543	1543	100.00	99.94	1543	NC_000913.3:4166659-4168201	16S ribosomal RNA	NA	NA
NA	NC_013361.1	4360428	4361970	-	16S_G1058G	Escherichia 16S ribosomal RNA [WILDTYPE]	core	AMR	POINT	TETRACYCLINE	TETRACYCLINE	POINTN	1543	1543	100.00	99.94	1543	NC_000913.3:4166659-4168201	16S ribosomal RNA	NA	NA
NA	NC_013361.1	4360428	4361970	-	16S_G1064G	Escherichia 16S ribosomal RNA [WILDTYPE]	core	AMR	POINT	AMINOGLYCOSIDE	SPECTINOMYCIN	POINTN	1543	1543	100.00	99.94	1543	NC_000913.3:4166659-4168201	16S ribosomal RNA	NA	NA
NA	NC_013361.1	4360428	4361970	-	16S_G1068G	Escherichia 16S ribosomal RNA [WILDTYPE]	core	AMR	POINT	AMINOGLYCOSIDE	SPECTINOMYCIN	POINTN	1543	1543	100.00	99.94	1543	NC_000913.3:4166659-4168201	16S ribosomal RNA	NA	NA
NA	NC_013361.1	4360428	4361970	-	16S_G527G	Escherichia 16S ribosomal RNA [WILDTYPE]	core	AMR	POINT	AMINOGLYCOSIDE	STREPTOMYCIN	POINTN	1543	1543	100.00	99.94	1543	NC_000913.3:4166659-4168201	16S ribosomal RNA	NA	NA
NA	NC_013361.1	4360428	4361970	-	16S_G926G	Escherichia 16S ribosomal RNA [WILDTYPE]	core	AMR	POINT	AMINOGLYCOSIDE	KASUGAMYCIN	POINTN	1543	1543	100.00	99.55	1543	NC_000913.3:3941808-3943350	16S ribosomal RNA	NA	NA
NA	NC_013361.1	4360428	4361970	-	16S_T1406T	Escherichia 16S ribosomal RNA [WILDTYPE]	core	AMR	POINT	AMINOGLYCOSIDE	G418/TOBRAMYCIN	POINTN	1543	1543	100.00	99.94	1543	NC_000913.3:4166659-4168201	16S ribosomal RNA	NA	NA
NA	NC_013361.1	4360428	4361970	-	16S_rrsB_G474A	Escherichia 16S ribosomal RNA [UNKNOWN]	core	AMR	POINT	NA	NA	POINTN	1543	1543	100.00	99.94	1543	NC_000913.3:4166659-4168201	16S ribosomal RNA	NA	NA
NA	NC_013361.1	4360428	4361970	-	16S_rrsC_A226G	Escherichia 16S ribosomal RNA [UNKNOWN]	core	AMR	POINT	NA	NA	POINTN	1543	1543	100.00	99.55	1543	NC_000913.3:3941808-3943350	16S ribosomal RNA	NA	NA
NA	NC_013361.1	4360428	4361970	-	16S_rrsC_AC79GA	Escherichia 16S ribosomal RNA [UNKNOWN]	core	AMR	POINT	NA	NA	POINTN	1543	1543	100.00	99.55	1543	NC_000913.3:3941808-3943350	16S ribosomal RNA	NA	NA
NA	NC_013361.1	4360428	4361970	-	16S_rrsC_C93T	Escherichia 16S ribosomal RNA [UNKNOWN]	core	AMR	POINT	NA	NA	POINTN	1543	1543	100.00	99.55	1543	NC_000913.3:3941808-3943350	16S ribosomal RNA	NA	NA
NA	NC_013361.1	4360428	4361970	-	16S_rrsC_G474A	Escherichia 16S ribosomal RNA [UNKNOWN]	core	AMR	POINT	NA	NA	POINTN	1543	1543	100.00	99.55	1543	NC_000913.3:3941808-3943350	16S ribosomal RNA	NA	NA
NA	NC_013361.1	4360428	4361970	-	16S_rrsC_GT89TC	Escherichia 16S ribosomal RNA [UNKNOWN]	core	AMR	POINT	NA	NA	POINTN	1543	1543	100.00	99.55	1543	NC_000913.3:3941808-3943350	16S ribosomal RNA	NA	NA
NA	NC_013361.1	4388249	4389430	-	tufA_A376A	translation elongation factor EF-Tu 1 [WILDTYPE]	core	AMR	POINT	POLYKETIDE	KIRROMYCIN	POINTX	394	394	100.00	100.00	394	WP_000031783.1	translation elongation factor EF-Tu 1	NA	NA
NA	NC_013361.1	4388249	4389430	-	tufA_E379E	translation elongation factor EF-Tu 1 [WILDTYPE]	core	AMR	POINT	POLYKETIDE	KIRROMYCIN	POINTX	394	394	100.00	100.00	394	WP_000031783.1	translation elongation factor EF-Tu 1	NA	NA
NA	NC_013361.1	4388249	4389430	-	tufA_G317G	translation elongation factor EF-Tu 1 [WILDTYPE]	core	AMR	POINT	POLYKETIDE	KIRROMYCIN	POINTX	394	394	100.00	100.00	394	WP_000031783.1	translation elongation factor EF-Tu 1	NA	NA
NA	NC_013361.1	4388249	4389430	-	tufA_L121L	translation elongation factor EF-Tu 1 [WILDTYPE]	core	AMR	POINT	POLYKETIDE	KIRROMYCIN	POINTX	394	394	100.00	100.00	394	WP_000031783.1	translation elongation factor EF-Tu 1	NA	NA
NA	NC_013361.1	4388249	4389430	-	tufA_M1V	translation elongation factor EF-Tu 1 [UNKNOWN]	core	AMR	POINT	NA	NA	POINTX	394	394	100.00	100.00	394	WP_000031783.1	translation elongation factor EF-Tu 1	NA	NA
NA	NC_013361.1	4388249	4389430	-	tufA_Q125Q	translation elongation factor EF-Tu 1 [WILDTYPE]	core	AMR	POINT	POLYKETIDE	KIRROMYCIN	POINTX	394	394	100.00	100.00	394	WP_000031783.1	translation elongation factor EF-Tu 1	NA	NA
NA	NC_013361.1	4388249	4389430	-	tufA_Q330Q	translation elongation factor EF-Tu 1 [WILDTYPE]	core	AMR	POINT	POLYKETIDE	KIRROMYCIN	POINTX	394	394	100.00	100.00	394	WP_000031783.1	translation elongation factor EF-Tu 1	NA	NA
NA	NC_013361.1	4388249	4389430	-	tufA_R231R	translation elongation factor EF-Tu 1 [WILDTYPE]	core	AMR	POINT	POLYKETIDE	PULVOMYCIN	POINTX	394	394	100.00	100.00	394	WP_000031783.1	translation elongation factor EF-Tu 1	NA	NA
NA	NC_013361.1	4388249	4389430	-	tufA_R234R	translation elongation factor EF-Tu 1 [WILDTYPE]	core	AMR	POINT	POLYKETIDE	PULVOMYCIN	POINTX	394	394	100.00	100.00	394	WP_000031783.1	translation elongation factor EF-Tu 1	NA	NA
NA	NC_013361.1	4388249	4389430	-	tufA_R334R	translation elongation factor EF-Tu 1 [WILDTYPE]	core	AMR	POINT	POLYKETIDE	PULVOMYCIN	POINTX	394	394	100.00	100.00	394	WP_000031783.1	translation elongation factor EF-Tu 1	NA	NA
NA	NC_013361.1	4388249	4389430	-	tufA_T335T	translation elongation factor EF-Tu 1 [WILDTYPE]	core	AMR	POINT	POLYKETIDE	PULVOMYCIN	POINTX	394	394	100.00	100.00	394	WP_000031783.1	translation elongation factor EF-Tu 1	NA	NA
NA	NC_013361.1	4388249	4389430	-	tufA_Y161Y	translation elongation factor EF-Tu 1 [WILDTYPE]	core	AMR	POINT	POLYKETIDE	KIRROMYCIN	POINTX	394	394	100.00	100.00	394	WP_000031783.1	translation elongation factor EF-Tu 1	NA	NA
NA	NC_013361.1	4392282	4392653	-	rpsL_K43K	30S ribosomal protein S12 RpsL [WILDTYPE]	core	AMR	POINT	AMINOGLYCOSIDE	STREPTOMYCIN	POINTX	124	124	100.00	100.00	124	WP_000246815.1	30S ribosomal protein S12 RpsL	NA	NA
NA	NC_013361.1	4454020	4454736	-	ompR_G63G	two-component system response regulator OmpR [WILDTYPE]	core	AMR	POINT	BETA-LACTAM	BETA-LACTAM	POINTX	239	239	100.00	100.00	239	WP_001157751.1	two-component system response regulator OmpR	NA	NA
NA	NC_013361.1	4739500	4742404	-	23S_A1220G	Escherichia 23S ribosomal RNA [UNKNOWN]	core	AMR	POINT	NA	NA	POINTN	2905	2905	100.00	99.38	2905	NC_004431.1:237160-240064	23S ribosomal RNA	NA	NA
NA	NC_013361.1	4739500	4742404	-	23S_A1535G	Escherichia 23S ribosomal RNA [UNKNOWN]	core	AMR	POINT	NA	NA	POINTN	2905	2905	100.00	99.38	2905	NC_004431.1:237160-240064	23S ribosomal RNA	NA	NA
NA	NC_013361.1	4739500	4742404	-	23S_A2058A	Escherichia 23S ribosomal RNA [WILDTYPE]	core	AMR	POINT	MACROLIDE	AZITHROMYCIN/ERYTHROMYCIN/TELITHROMYCIN	POINTN	2905	2905	100.00	99.38	2905	NC_004431.1:237160-240064	23S ribosomal RNA	NA	NA
NA	NC_013361.1	4739500	4742404	-	23S_C2611C	Escherichia 23S ribosomal RNA [WILDTYPE]	core	AMR	POINT	MACROLIDE	ERYTHROMYCIN/TELITHROMYCIN	POINTN	2905	2905	100.00	99.38	2905	NC_004431.1:237160-240064	23S ribosomal RNA	NA	NA
NA	NC_013361.1	4739500	4742404	-	23S_C846T	Escherichia 23S ribosomal RNA [UNKNOWN]	core	AMR	POINT	NA	NA	POINTN	2905	2905	100.00	99.38	2905	NC_004431.1:237160-240064	23S ribosomal RNA	NA	NA
NA	NC_013361.1	4739500	4742404	-	23S_CGA1725TCC	Escherichia 23S ribosomal RNA [UNKNOWN]	core	AMR	POINT	NA	NA	POINTN	2905	2905	100.00	99.38	2905	NC_004431.1:237160-240064	23S ribosomal RNA	NA	NA
NA	NC_013361.1	4739500	4742404	-	23S_G2032G	Escherichia 23S ribosomal RNA [WILDTYPE]	core	AMR	POINT	LINCOSAMIDE/OXAZOLIDINONE	CLINDAMYCIN/LINEZOLID	POINTN	2905	2905	100.00	99.38	2905	NC_004431.1:237160-240064	23S ribosomal RNA	NA	NA
NA	NC_013361.1	4739500	4742404	-	23S_G2032G	Escherichia 23S ribosomal RNA [WILDTYPE]	core	AMR	POINT	MACROLIDE/OXAZOLIDINONE	CLARITHROMYCIN/LINEZOLID	POINTN	2905	2905	100.00	99.38	2905	NC_004431.1:237160-240064	23S ribosomal RNA	NA	NA
NA	NC_013361.1	4739500	4742404	-	23S_G2032G	Escherichia 23S ribosomal RNA [WILDTYPE]	core	AMR	POINT	OXAZOLIDINONE	LINEZOLID	POINTN	2905	2905	100.00	99.38	2905	NC_004431.1:237160-240064	23S ribosomal RNA	NA	NA
NA	NC_013361.1	4739500	4742404	-	23S_G2057G	Escherichia 23S ribosomal RNA [WILDTYPE]	core	AMR	POINT	MULTIDRUG	CHLORAMPHENICOL/ERYTHROMYCIN/TELITHROMYCIN	POINTN	2905	2905	100.00	99.38	2905	NC_004431.1:237160-240064	23S ribosomal RNA	NA	NA
NA	NC_013361.1	4739500	4742404	-	23S_G2447G	Escherichia 23S ribosomal RNA [WILDTYPE]	core	AMR	POINT	OXAZOLIDINONE	LINEZOLID	POINTN	2905	2905	100.00	99.38	2905	NC_004431.1:237160-240064	23S ribosomal RNA	NA	NA
NA	NC_013361.1	4739500	4742404	-	23S_G264C	Escherichia 23S ribosomal RNA [UNKNOWN]	core	AMR	POINT	NA	NA	POINTN	2905	2905	100.00	99.38	2905	NC_004431.1:237160-240064	23S ribosomal RNA	NA	NA
NA	NC_013361.1	4739500	4742404	-	23S_G2802A	Escherichia 23S ribosomal RNA [UNKNOWN]	core	AMR	POINT	NA	NA	POINTN	2905	2905	100.00	99.38	2905	NC_004431.1:237160-240064	23S ribosomal RNA	NA	NA
NA	NC_013361.1	4739500	4742404	-	23S_G285A	Escherichia 23S ribosomal RNA [UNKNOWN]	core	AMR	POINT	NA	NA	POINTN	2905	2905	100.00	99.38	2905	NC_004431.1:237160-240064	23S ribosomal RNA	NA	NA
NA	NC_013361.1	4739500	4742404	-	23S_N970T	Escherichia 23S ribosomal RNA [UNKNOWN]	core	AMR	POINT	NA	NA	POINTN	2905	2905	100.00	99.38	2905	NC_004431.1:237160-240064	23S ribosomal RNA	NA	NA
NA	NC_013361.1	4739500	4742404	-	23S_T1174G	Escherichia 23S ribosomal RNA [UNKNOWN]	core	AMR	POINT	NA	NA	POINTN	2905	2905	100.00	99.38	2905	NC_004431.1:237160-240064	23S ribosomal RNA	NA	NA
NA	NC_013361.1	4739500	4742404	-	23S_T1211C	Escherichia 23S ribosomal RNA [UNKNOWN]	core	AMR	POINT	NA	NA	POINTN	2905	2905	100.00	99.38	2905	NC_004431.1:237160-240064	23S ribosomal RNA	NA	NA
NA	NC_013361.1	4739500	4742404	-	23S_T1229C	Escherichia 23S ribosomal RNA [UNKNOWN]	core	AMR	POINT	NA	NA	POINTN	2905	2905	100.00	99.38	2905	NC_004431.1:237160-240064	23S ribosomal RNA	NA	NA
NA	NC_013361.1	4739500	4742404	-	23S_T1730C	Escherichia 23S ribosomal RNA [UNKNOWN]	core	AMR	POINT	NA	NA	POINTN	2905	2905	100.00	99.38	2905	NC_004431.1:237160-240064	23S ribosomal RNA	NA	NA
NA	NC_013361.1	4739500	4742404	-	23S_T2609T	Escherichia 23S ribosomal RNA [WILDTYPE]	core	AMR	POINT	MACROLIDE	TELITHROMYCIN	POINTN	2905	2905	100.00	99.38	2905	NC_004431.1:237160-240064	23S ribosomal RNA	NA	NA
NA	NC_013361.1	4739500	4742404	-	23S_T542C	Escherichia 23S ribosomal RNA [UNKNOWN]	core	AMR	POINT	NA	NA	POINTN	2905	2905	100.00	99.38	2905	NC_004431.1:237160-240064	23S ribosomal RNA	NA	NA
NA	NC_013361.1	4739500	4742404	-	23S_T754T	Escherichia 23S ribosomal RNA [WILDTYPE]	core	AMR	POINT	MACROLIDE	ERYTHROMYCIN/TELITHROMYCIN	POINTN	2905	2905	100.00	99.38	2905	NC_004431.1:237160-240064	23S ribosomal RNA	NA	NA
NA	NC_013361.1	4739500	4742404	-	23S_TCG1733GGA	Escherichia 23S ribosomal RNA [UNKNOWN]	core	AMR	POINT	NA	NA	POINTN	2905	2905	100.00	99.38	2905	NC_004431.1:237160-240064	23S ribosomal RNA	NA	NA
NA	NC_013361.1	4742841	4744383	-	16S_A1055A	Escherichia 16S ribosomal RNA [WILDTYPE]	core	AMR	POINT	TETRACYCLINE	TETRACYCLINE	POINTN	1543	1543	100.00	99.03	1544	NC_000913.3:4166659-4168201	16S ribosomal RNA	NA	NA
NA	NC_013361.1	4742841	4744383	-	16S_A1408A	Escherichia 16S ribosomal RNA [WILDTYPE]	core	AMR	POINT	AMINOGLYCOSIDE	GENTAMICIN_C/NEOMYCIN/PAROMOMYCIN	POINTN	1543	1543	100.00	99.03	1544	NC_000913.3:4166659-4168201	16S ribosomal RNA	NA	NA
NA	NC_013361.1	4742841	4744383	-	16S_A1499A	Escherichia 16S ribosomal RNA [WILDTYPE]	core	AMR	POINT	EDEINE	EDEINE	POINTN	1543	1543	100.00	99.03	1544	NC_000913.3:4166659-4168201	16S ribosomal RNA	NA	NA
NA	NC_013361.1	4742841	4744383	-	16S_A1519A	Escherichia 16S ribosomal RNA [WILDTYPE]	core	AMR	POINT	AMINOGLYCOSIDE	KASUGAMYCIN	POINTN	1543	1543	100.00	99.29	1544	NC_000913.3:3941808-3943350	16S ribosomal RNA	NA	NA
NA	NC_013361.1	4742841	4744383	-	16S_A523A	Escherichia 16S ribosomal RNA [WILDTYPE]	core	AMR	POINT	AMINOGLYCOSIDE	STREPTOMYCIN	POINTN	1543	1543	100.00	99.03	1544	NC_000913.3:4166659-4168201	16S ribosomal RNA	NA	NA
NA	NC_013361.1	4742841	4744383	-	16S_A794A	Escherichia 16S ribosomal RNA [WILDTYPE]	core	AMR	POINT	AMINOGLYCOSIDE	KASUGAMYCIN	POINTN	1543	1543	100.00	99.29	1544	NC_000913.3:3941808-3943350	16S ribosomal RNA	NA	NA
NA	NC_013361.1	4742841	4744383	-	16S_A964A	Escherichia 16S ribosomal RNA [WILDTYPE]	core	AMR	POINT	TETRACYCLINE	TETRACYCLINE	POINTN	1543	1543	100.00	99.03	1544	NC_000913.3:4166659-4168201	16S ribosomal RNA	NA	NA
NA	NC_013361.1	4742841	4744383	-	16S_C1054C	Escherichia 16S ribosomal RNA [WILDTYPE]	core	AMR	POINT	TETRACYCLINE	TETRACYCLINE	POINTN	1543	1543	100.00	99.03	1544	NC_000913.3:4166659-4168201	16S ribosomal RNA	NA	NA
NA	NC_013361.1	4742841	4744383	-	16S_C1066C	Escherichia 16S ribosomal RNA [WILDTYPE]	core	AMR	POINT	AMINOGLYCOSIDE	SPECTINOMYCIN	POINTN	1543	1543	100.00	99.03	1544	NC_000913.3:4166659-4168201	16S ribosomal RNA	NA	NA
NA	NC_013361.1	4742841	4744383	-	16S_C1192C	Escherichia 16S ribosomal RNA [WILDTYPE]	core	AMR	POINT	AMINOGLYCOSIDE	SPECTINOMYCIN	POINTN	1543	1543	100.00	99.03	1544	NC_000913.3:4166659-4168201	16S ribosomal RNA	NA	NA
NA	NC_013361.1	4742841	4744383	-	16S_C528C	Escherichia 16S ribosomal RNA [WILDTYPE]	core	AMR	POINT	AMINOGLYCOSIDE	STREPTOMYCIN	POINTN	1543	1543	100.00	99.03	1544	NC_000913.3:4166659-4168201	16S ribosomal RNA	NA	NA
NA	NC_013361.1	4742841	4744383	-	16S_G1053G	Escherichia 16S ribosomal RNA [WILDTYPE]	core	AMR	POINT	TETRACYCLINE	TETRACYCLINE	POINTN	1543	1543	100.00	99.03	1544	NC_000913.3:4166659-4168201	16S ribosomal RNA	NA	NA
NA	NC_013361.1	4742841	4744383	-	16S_G1058G	Escherichia 16S ribosomal RNA [WILDTYPE]	core	AMR	POINT	TETRACYCLINE	TETRACYCLINE	POINTN	1543	1543	100.00	99.03	1544	NC_000913.3:4166659-4168201	16S ribosomal RNA	NA	NA
NA	NC_013361.1	4742841	4744383	-	16S_G1064G	Escherichia 16S ribosomal RNA [WILDTYPE]	core	AMR	POINT	AMINOGLYCOSIDE	SPECTINOMYCIN	POINTN	1543	1543	100.00	99.03	1544	NC_000913.3:4166659-4168201	16S ribosomal RNA	NA	NA
NA	NC_013361.1	4742841	4744383	-	16S_G1068G	Escherichia 16S ribosomal RNA [WILDTYPE]	core	AMR	POINT	AMINOGLYCOSIDE	SPECTINOMYCIN	POINTN	1543	1543	100.00	99.03	1544	NC_000913.3:4166659-4168201	16S ribosomal RNA	NA	NA
NA	NC_013361.1	4742841	4744383	-	16S_G527G	Escherichia 16S ribosomal RNA [WILDTYPE]	core	AMR	POINT	AMINOGLYCOSIDE	STREPTOMYCIN	POINTN	1543	1543	100.00	99.03	1544	NC_000913.3:4166659-4168201	16S ribosomal RNA	NA	NA
NA	NC_013361.1	4742841	4744383	-	16S_G926G	Escherichia 16S ribosomal RNA [WILDTYPE]	core	AMR	POINT	AMINOGLYCOSIDE	KASUGAMYCIN	POINTN	1543	1543	100.00	99.29	1544	NC_000913.3:3941808-3943350	16S ribosomal RNA	NA	NA
NA	NC_013361.1	4742841	4744383	-	16S_T1406T	Escherichia 16S ribosomal RNA [WILDTYPE]	core	AMR	POINT	AMINOGLYCOSIDE	G418/TOBRAMYCIN	POINTN	1543	1543	100.00	99.03	1544	NC_000913.3:4166659-4168201	16S ribosomal RNA	NA	NA
NA	NC_013361.1	4742841	4744383	-	16S_rrsB_A1019DEL	Escherichia 16S ribosomal RNA [UNKNOWN]	core	AMR	POINT	NA	NA	POINTN	1543	1543	100.00	99.03	1544	NC_000913.3:4166659-4168201	16S ribosomal RNA	NA	NA
NA	NC_013361.1	4742841	4744383	-	16S_rrsB_A1022T	Escherichia 16S ribosomal RNA [UNKNOWN]	core	AMR	POINT	NA	NA	POINTN	1543	1543	100.00	99.03	1544	NC_000913.3:4166659-4168201	16S ribosomal RNA	NA	NA
NA	NC_013361.1	4742841	4744383	-	16S_rrsB_A250T	Escherichia 16S ribosomal RNA [UNKNOWN]	core	AMR	POINT	NA	NA	POINTN	1543	1543	100.00	99.03	1544	NC_000913.3:4166659-4168201	16S ribosomal RNA	NA	NA
NA	NC_013361.1	4742841	4744383	-	16S_rrsB_A253T	Escherichia 16S ribosomal RNA [UNKNOWN]	core	AMR	POINT	NA	NA	POINTN	1543	1543	100.00	99.03	1544	NC_000913.3:4166659-4168201	16S ribosomal RNA	NA	NA
NA	NC_013361.1	4742841	4744383	-	16S_rrsB_C1038T	Escherichia 16S ribosomal RNA [UNKNOWN]	core	AMR	POINT	NA	NA	POINTN	1543	1543	100.00	99.03	1544	NC_000913.3:4166659-4168201	16S ribosomal RNA	NA	NA
NA	NC_013361.1	4742841	4744383	-	16S_rrsB_G1002A	Escherichia 16S ribosomal RNA [UNKNOWN]	core	AMR	POINT	NA	NA	POINTN	1543	1543	100.00	99.03	1544	NC_000913.3:4166659-4168201	16S ribosomal RNA	NA	NA
NA	NC_013361.1	4742841	4744383	-	16S_rrsB_G1006C	Escherichia 16S ribosomal RNA [UNKNOWN]	core	AMR	POINT	NA	NA	POINTN	1543	1543	100.00	99.03	1544	NC_000913.3:4166659-4168201	16S ribosomal RNA	NA	NA
NA	NC_013361.1	4742841	4744383	-	16S_rrsB_G1024GG	Escherichia 16S ribosomal RNA [UNKNOWN]	core	AMR	POINT	NA	NA	POINTN	1543	1543	100.00	99.03	1544	NC_000913.3:4166659-4168201	16S ribosomal RNA	NA	NA
NA	NC_013361.1	4742841	4744383	-	16S_rrsB_GA79AC	Escherichia 16S ribosomal RNA [UNKNOWN]	core	AMR	POINT	NA	NA	POINTN	1543	1543	100.00	99.03	1544	NC_000913.3:4166659-4168201	16S ribosomal RNA	NA	NA
NA	NC_013361.1	4742841	4744383	-	16S_rrsB_T1010C	Escherichia 16S ribosomal RNA [UNKNOWN]	core	AMR	POINT	NA	NA	POINTN	1543	1543	100.00	99.03	1544	NC_000913.3:4166659-4168201	16S ribosomal RNA	NA	NA
NA	NC_013361.1	4742841	4744383	-	16S_rrsB_T273A	Escherichia 16S ribosomal RNA [UNKNOWN]	core	AMR	POINT	NA	NA	POINTN	1543	1543	100.00	99.03	1544	NC_000913.3:4166659-4168201	16S ribosomal RNA	NA	NA
NA	NC_013361.1	4742841	4744383	-	16S_rrsB_T93C	Escherichia 16S ribosomal RNA [UNKNOWN]	core	AMR	POINT	NA	NA	POINTN	1543	1543	100.00	99.03	1544	NC_000913.3:4166659-4168201	16S ribosomal RNA	NA	NA
NA	NC_013361.1	4742841	4744383	-	16S_rrsB_TC89GT	Escherichia 16S ribosomal RNA [UNKNOWN]	core	AMR	POINT	NA	NA	POINTN	1543	1543	100.00	99.03	1544	NC_000913.3:4166659-4168201	16S ribosomal RNA	NA	NA
NA	NC_013361.1	4742841	4744383	-	16S_rrsC_A1019DEL	Escherichia 16S ribosomal RNA [UNKNOWN]	core	AMR	POINT	NA	NA	POINTN	1543	1543	100.00	99.29	1544	NC_000913.3:3941808-3943350	16S ribosomal RNA	NA	NA
NA	NC_013361.1	4742841	4744383	-	16S_rrsC_A1022T	Escherichia 16S ribosomal RNA [UNKNOWN]	core	AMR	POINT	NA	NA	POINTN	1543	1543	100.00	99.29	1544	NC_000913.3:3941808-3943350	16S ribosomal RNA	NA	NA
NA	NC_013361.1	4742841	4744383	-	16S_rrsC_A226G	Escherichia 16S ribosomal RNA [UNKNOWN]	core	AMR	POINT	NA	NA	POINTN	1543	1543	100.00	99.29	1544	NC_000913.3:3941808-3943350	16S ribosomal RNA	NA	NA
NA	NC_013361.1	4742841	4744383	-	16S_rrsC_A250T	Escherichia 16S ribosomal RNA [UNKNOWN]	core	AMR	POINT	NA	NA	POINTN	1543	1543	100.00	99.29	1544	NC_000913.3:3941808-3943350	16S ribosomal RNA	NA	NA
NA	NC_013361.1	4742841	4744383	-	16S_rrsC_A253T	Escherichia 16S ribosomal RNA [UNKNOWN]	core	AMR	POINT	NA	NA	POINTN	1543	1543	100.00	99.29	1544	NC_000913.3:3941808-3943350	16S ribosomal RNA	NA	NA
NA	NC_013361.1	4742841	4744383	-	16S_rrsC_C1038T	Escherichia 16S ribosomal RNA [UNKNOWN]	core	AMR	POINT	NA	NA	POINTN	1543	1543	100.00	99.29	1544	NC_000913.3:3941808-3943350	16S ribosomal RNA	NA	NA
NA	NC_013361.1	4742841	4744383	-	16S_rrsC_G1002A	Escherichia 16S ribosomal RNA [UNKNOWN]	core	AMR	POINT	NA	NA	POINTN	1543	1543	100.00	99.29	1544	NC_000913.3:3941808-3943350	16S ribosomal RNA	NA	NA
NA	NC_013361.1	4742841	4744383	-	16S_rrsC_G1006C	Escherichia 16S ribosomal RNA [UNKNOWN]	core	AMR	POINT	NA	NA	POINTN	1543	1543	100.00	99.29	1544	NC_000913.3:3941808-3943350	16S ribosomal RNA	NA	NA
NA	NC_013361.1	4742841	4744383	-	16S_rrsC_G1024GG	Escherichia 16S ribosomal RNA [UNKNOWN]	core	AMR	POINT	NA	NA	POINTN	1543	1543	100.00	99.29	1544	NC_000913.3:3941808-3943350	16S ribosomal RNA	NA	NA
NA	NC_013361.1	4742841	4744383	-	16S_rrsC_T1010C	Escherichia 16S ribosomal RNA [UNKNOWN]	core	AMR	POINT	NA	NA	POINTN	1543	1543	100.00	99.29	1544	NC_000913.3:3941808-3943350	16S ribosomal RNA	NA	NA
NA	NC_013361.1	4742841	4744383	-	16S_rrsC_T273A	Escherichia 16S ribosomal RNA [UNKNOWN]	core	AMR	POINT	NA	NA	POINTN	1543	1543	100.00	99.29	1544	NC_000913.3:3941808-3943350	16S ribosomal RNA	NA	NA
NA	NC_013361.1	4791333	4793876	-	cyaA_F573I	adenylate cyclase CyaA [UNKNOWN]	core	AMR	POINT	NA	NA	POINTX	848	848	100.00	99.65	848	WP_000281668.1	adenylate cyclase CyaA	NA	NA
NA	NC_013361.1	4791333	4793876	-	cyaA_H838N	adenylate cyclase CyaA [UNKNOWN]	core	AMR	POINT	NA	NA	POINTX	848	848	100.00	99.65	848	WP_000281668.1	adenylate cyclase CyaA	NA	NA
NA	NC_013361.1	4791333	4793876	-	cyaA_M1L	adenylate cyclase CyaA [UNKNOWN]	core	AMR	POINT	NA	NA	POINTX	848	848	100.00	99.65	848	WP_000281668.1	adenylate cyclase CyaA	NA	NA
NA	NC_013361.1	4791333	4793876	-	cyaA_N142S	adenylate cyclase CyaA [UNKNOWN]	core	AMR	POINT	NA	NA	POINTX	848	848	100.00	99.65	848	WP_000281668.1	adenylate cyclase CyaA	NA	NA
NA	NC_013361.1	4791333	4793876	-	cyaA_S352S	adenylate cyclase CyaA [WILDTYPE]	core	AMR	POINT	FOSMIDOMYCIN	FOSMIDOMYCIN	POINTX	848	848	100.00	99.65	848	WP_000281668.1	adenylate cyclase CyaA	NA	NA
NA	NC_013361.1	4836896	4839800	-	23S_A1220G	Escherichia 23S ribosomal RNA [UNKNOWN]	core	AMR	POINT	NA	NA	POINTN	2905	2905	100.00	99.35	2905	NC_004431.1:237160-240064	23S ribosomal RNA	NA	NA
NA	NC_013361.1	4836896	4839800	-	23S_A1535G	Escherichia 23S ribosomal RNA [UNKNOWN]	core	AMR	POINT	NA	NA	POINTN	2905	2905	100.00	99.35	2905	NC_004431.1:237160-240064	23S ribosomal RNA	NA	NA
NA	NC_013361.1	4836896	4839800	-	23S_A2058A	Escherichia 23S ribosomal RNA [WILDTYPE]	core	AMR	POINT	MACROLIDE	AZITHROMYCIN/ERYTHROMYCIN/TELITHROMYCIN	POINTN	2905	2905	100.00	99.35	2905	NC_004431.1:237160-240064	23S ribosomal RNA	NA	NA
NA	NC_013361.1	4836896	4839800	-	23S_C2611C	Escherichia 23S ribosomal RNA [WILDTYPE]	core	AMR	POINT	MACROLIDE	ERYTHROMYCIN/TELITHROMYCIN	POINTN	2905	2905	100.00	99.35	2905	NC_004431.1:237160-240064	23S ribosomal RNA	NA	NA
NA	NC_013361.1	4836896	4839800	-	23S_C846T	Escherichia 23S ribosomal RNA [UNKNOWN]	core	AMR	POINT	NA	NA	POINTN	2905	2905	100.00	99.35	2905	NC_004431.1:237160-240064	23S ribosomal RNA	NA	NA
NA	NC_013361.1	4836896	4839800	-	23S_CGA1725TCC	Escherichia 23S ribosomal RNA [UNKNOWN]	core	AMR	POINT	NA	NA	POINTN	2905	2905	100.00	99.35	2905	NC_004431.1:237160-240064	23S ribosomal RNA	NA	NA
NA	NC_013361.1	4836896	4839800	-	23S_G1422A	Escherichia 23S ribosomal RNA [UNKNOWN]	core	AMR	POINT	NA	NA	POINTN	2905	2905	100.00	99.35	2905	NC_004431.1:237160-240064	23S ribosomal RNA	NA	NA
NA	NC_013361.1	4836896	4839800	-	23S_G2032G	Escherichia 23S ribosomal RNA [WILDTYPE]	core	AMR	POINT	LINCOSAMIDE/OXAZOLIDINONE	CLINDAMYCIN/LINEZOLID	POINTN	2905	2905	100.00	99.35	2905	NC_004431.1:237160-240064	23S ribosomal RNA	NA	NA
NA	NC_013361.1	4836896	4839800	-	23S_G2032G	Escherichia 23S ribosomal RNA [WILDTYPE]	core	AMR	POINT	MACROLIDE/OXAZOLIDINONE	CLARITHROMYCIN/LINEZOLID	POINTN	2905	2905	100.00	99.35	2905	NC_004431.1:237160-240064	23S ribosomal RNA	NA	NA
NA	NC_013361.1	4836896	4839800	-	23S_G2032G	Escherichia 23S ribosomal RNA [WILDTYPE]	core	AMR	POINT	OXAZOLIDINONE	LINEZOLID	POINTN	2905	2905	100.00	99.35	2905	NC_004431.1:237160-240064	23S ribosomal RNA	NA	NA
NA	NC_013361.1	4836896	4839800	-	23S_G2057G	Escherichia 23S ribosomal RNA [WILDTYPE]	core	AMR	POINT	MULTIDRUG	CHLORAMPHENICOL/ERYTHROMYCIN/TELITHROMYCIN	POINTN	2905	2905	100.00	99.35	2905	NC_004431.1:237160-240064	23S ribosomal RNA	NA	NA
NA	NC_013361.1	4836896	4839800	-	23S_G2447G	Escherichia 23S ribosomal RNA [WILDTYPE]	core	AMR	POINT	OXAZOLIDINONE	LINEZOLID	POINTN	2905	2905	100.00	99.35	2905	NC_004431.1:237160-240064	23S ribosomal RNA	NA	NA
NA	NC_013361.1	4836896	4839800	-	23S_G264C	Escherichia 23S ribosomal RNA [UNKNOWN]	core	AMR	POINT	NA	NA	POINTN	2905	2905	100.00	99.35	2905	NC_004431.1:237160-240064	23S ribosomal RNA	NA	NA
NA	NC_013361.1	4836896	4839800	-	23S_G2802A	Escherichia 23S ribosomal RNA [UNKNOWN]	core	AMR	POINT	NA	NA	POINTN	2905	2905	100.00	99.35	2905	NC_004431.1:237160-240064	23S ribosomal RNA	NA	NA
NA	NC_013361.1	4836896	4839800	-	23S_G285A	Escherichia 23S ribosomal RNA [UNKNOWN]	core	AMR	POINT	NA	NA	POINTN	2905	2905	100.00	99.35	2905	NC_004431.1:237160-240064	23S ribosomal RNA	NA	NA
NA	NC_013361.1	4836896	4839800	-	23S_N970T	Escherichia 23S ribosomal RNA [UNKNOWN]	core	AMR	POINT	NA	NA	POINTN	2905	2905	100.00	99.35	2905	NC_004431.1:237160-240064	23S ribosomal RNA	NA	NA
NA	NC_013361.1	4836896	4839800	-	23S_T1174G	Escherichia 23S ribosomal RNA [UNKNOWN]	core	AMR	POINT	NA	NA	POINTN	2905	2905	100.00	99.35	2905	NC_004431.1:237160-240064	23S ribosomal RNA	NA	NA
NA	NC_013361.1	4836896	4839800	-	23S_T1211C	Escherichia 23S ribosomal RNA [UNKNOWN]	core	AMR	POINT	NA	NA	POINTN	2905	2905	100.00	99.35	2905	NC_004431.1:237160-240064	23S ribosomal RNA	NA	NA
NA	NC_013361.1	4836896	4839800	-	23S_T1229C	Escherichia 23S ribosomal RNA [UNKNOWN]	core	AMR	POINT	NA	NA	POINTN	2905	2905	100.00	99.35	2905	NC_004431.1:237160-240064	23S ribosomal RNA	NA	NA
NA	NC_013361.1	4836896	4839800	-	23S_T1730C	Escherichia 23S ribosomal RNA [UNKNOWN]	core	AMR	POINT	NA	NA	POINTN	2905	2905	100.00	99.35	2905	NC_004431.1:237160-240064	23S ribosomal RNA	NA	NA
NA	NC_013361.1	4836896	4839800	-	23S_T2609T	Escherichia 23S ribosomal RNA [WILDTYPE]	core	AMR	POINT	MACROLIDE	TELITHROMYCIN	POINTN	2905	2905	100.00	99.35	2905	NC_004431.1:237160-240064	23S ribosomal RNA	NA	NA
NA	NC_013361.1	4836896	4839800	-	23S_T542C	Escherichia 23S ribosomal RNA [UNKNOWN]	core	AMR	POINT	NA	NA	POINTN	2905	2905	100.00	99.35	2905	NC_004431.1:237160-240064	23S ribosomal RNA	NA	NA
NA	NC_013361.1	4836896	4839800	-	23S_T754T	Escherichia 23S ribosomal RNA [WILDTYPE]	core	AMR	POINT	MACROLIDE	ERYTHROMYCIN/TELITHROMYCIN	POINTN	2905	2905	100.00	99.35	2905	NC_004431.1:237160-240064	23S ribosomal RNA	NA	NA
NA	NC_013361.1	4836896	4839800	-	23S_TCG1733GGA	Escherichia 23S ribosomal RNA [UNKNOWN]	core	AMR	POINT	NA	NA	POINTN	2905	2905	100.00	99.35	2905	NC_004431.1:237160-240064	23S ribosomal RNA	NA	NA
NA	NC_013361.1	4840154	4841696	-	16S_A1055A	Escherichia 16S ribosomal RNA [WILDTYPE]	core	AMR	POINT	TETRACYCLINE	TETRACYCLINE	POINTN	1543	1543	100.00	99.03	1544	NC_000913.3:4166659-4168201	16S ribosomal RNA	NA	NA
NA	NC_013361.1	4840154	4841696	-	16S_A1408A	Escherichia 16S ribosomal RNA [WILDTYPE]	core	AMR	POINT	AMINOGLYCOSIDE	GENTAMICIN_C/NEOMYCIN/PAROMOMYCIN	POINTN	1543	1543	100.00	99.03	1544	NC_000913.3:4166659-4168201	16S ribosomal RNA	NA	NA
NA	NC_013361.1	4840154	4841696	-	16S_A1499A	Escherichia 16S ribosomal RNA [WILDTYPE]	core	AMR	POINT	EDEINE	EDEINE	POINTN	1543	1543	100.00	99.03	1544	NC_000913.3:4166659-4168201	16S ribosomal RNA	NA	NA
NA	NC_013361.1	4840154	4841696	-	16S_A1519A	Escherichia 16S ribosomal RNA [WILDTYPE]	core	AMR	POINT	AMINOGLYCOSIDE	KASUGAMYCIN	POINTN	1543	1543	100.00	99.29	1544	NC_000913.3:3941808-3943350	16S ribosomal RNA	NA	NA
NA	NC_013361.1	4840154	4841696	-	16S_A523A	Escherichia 16S ribosomal RNA [WILDTYPE]	core	AMR	POINT	AMINOGLYCOSIDE	STREPTOMYCIN	POINTN	1543	1543	100.00	99.03	1544	NC_000913.3:4166659-4168201	16S ribosomal RNA	NA	NA
NA	NC_013361.1	4840154	4841696	-	16S_A794A	Escherichia 16S ribosomal RNA [WILDTYPE]	core	AMR	POINT	AMINOGLYCOSIDE	KASUGAMYCIN	POINTN	1543	1543	100.00	99.29	1544	NC_000913.3:3941808-3943350	16S ribosomal RNA	NA	NA
NA	NC_013361.1	4840154	4841696	-	16S_A964A	Escherichia 16S ribosomal RNA [WILDTYPE]	core	AMR	POINT	TETRACYCLINE	TETRACYCLINE	POINTN	1543	1543	100.00	99.03	1544	NC_000913.3:4166659-4168201	16S ribosomal RNA	NA	NA
NA	NC_013361.1	4840154	4841696	-	16S_C1054C	Escherichia 16S ribosomal RNA [WILDTYPE]	core	AMR	POINT	TETRACYCLINE	TETRACYCLINE	POINTN	1543	1543	100.00	99.03	1544	NC_000913.3:4166659-4168201	16S ribosomal RNA	NA	NA
NA	NC_013361.1	4840154	4841696	-	16S_C1066C	Escherichia 16S ribosomal RNA [WILDTYPE]	core	AMR	POINT	AMINOGLYCOSIDE	SPECTINOMYCIN	POINTN	1543	1543	100.00	99.03	1544	NC_000913.3:4166659-4168201	16S ribosomal RNA	NA	NA
NA	NC_013361.1	4840154	4841696	-	16S_C1192C	Escherichia 16S ribosomal RNA [WILDTYPE]	core	AMR	POINT	AMINOGLYCOSIDE	SPECTINOMYCIN	POINTN	1543	1543	100.00	99.03	1544	NC_000913.3:4166659-4168201	16S ribosomal RNA	NA	NA
NA	NC_013361.1	4840154	4841696	-	16S_C528C	Escherichia 16S ribosomal RNA [WILDTYPE]	core	AMR	POINT	AMINOGLYCOSIDE	STREPTOMYCIN	POINTN	1543	1543	100.00	99.03	1544	NC_000913.3:4166659-4168201	16S ribosomal RNA	NA	NA
NA	NC_013361.1	4840154	4841696	-	16S_G1053G	Escherichia 16S ribosomal RNA [WILDTYPE]	core	AMR	POINT	TETRACYCLINE	TETRACYCLINE	POINTN	1543	1543	100.00	99.03	1544	NC_000913.3:4166659-4168201	16S ribosomal RNA	NA	NA
NA	NC_013361.1	4840154	4841696	-	16S_G1058G	Escherichia 16S ribosomal RNA [WILDTYPE]	core	AMR	POINT	TETRACYCLINE	TETRACYCLINE	POINTN	1543	1543	100.00	99.03	1544	NC_000913.3:4166659-4168201	16S ribosomal RNA	NA	NA
NA	NC_013361.1	4840154	4841696	-	16S_G1064G	Escherichia 16S ribosomal RNA [WILDTYPE]	core	AMR	POINT	AMINOGLYCOSIDE	SPECTINOMYCIN	POINTN	1543	1543	100.00	99.03	1544	NC_000913.3:4166659-4168201	16S ribosomal RNA	NA	NA
NA	NC_013361.1	4840154	4841696	-	16S_G1068G	Escherichia 16S ribosomal RNA [WILDTYPE]	core	AMR	POINT	AMINOGLYCOSIDE	SPECTINOMYCIN	POINTN	1543	1543	100.00	99.03	1544	NC_000913.3:4166659-4168201	16S ribosomal RNA	NA	NA
NA	NC_013361.1	4840154	4841696	-	16S_G527G	Escherichia 16S ribosomal RNA [WILDTYPE]	core	AMR	POINT	AMINOGLYCOSIDE	STREPTOMYCIN	POINTN	1543	1543	100.00	99.03	1544	NC_000913.3:4166659-4168201	16S ribosomal RNA	NA	NA
NA	NC_013361.1	4840154	4841696	-	16S_G926G	Escherichia 16S ribosomal RNA [WILDTYPE]	core	AMR	POINT	AMINOGLYCOSIDE	KASUGAMYCIN	POINTN	1543	1543	100.00	99.29	1544	NC_000913.3:3941808-3943350	16S ribosomal RNA	NA	NA
NA	NC_013361.1	4840154	4841696	-	16S_T1406T	Escherichia 16S ribosomal RNA [WILDTYPE]	core	AMR	POINT	AMINOGLYCOSIDE	G418/TOBRAMYCIN	POINTN	1543	1543	100.00	99.03	1544	NC_000913.3:4166659-4168201	16S ribosomal RNA	NA	NA
NA	NC_013361.1	4840154	4841696	-	16S_rrsB_A1019DEL	Escherichia 16S ribosomal RNA [UNKNOWN]	core	AMR	POINT	NA	NA	POINTN	1543	1543	100.00	99.03	1544	NC_000913.3:4166659-4168201	16S ribosomal RNA	NA	NA
NA	NC_013361.1	4840154	4841696	-	16S_rrsB_A1022T	Escherichia 16S ribosomal RNA [UNKNOWN]	core	AMR	POINT	NA	NA	POINTN	1543	1543	100.00	99.03	1544	NC_000913.3:4166659-4168201	16S ribosomal RNA	NA	NA
NA	NC_013361.1	4840154	4841696	-	16S_rrsB_A250T	Escherichia 16S ribosomal RNA [UNKNOWN]	core	AMR	POINT	NA	NA	POINTN	1543	1543	100.00	99.03	1544	NC_000913.3:4166659-4168201	16S ribosomal RNA	NA	NA
NA	NC_013361.1	4840154	4841696	-	16S_rrsB_A253T	Escherichia 16S ribosomal RNA [UNKNOWN]	core	AMR	POINT	NA	NA	POINTN	1543	1543	100.00	99.03	1544	NC_000913.3:4166659-4168201	16S ribosomal RNA	NA	NA
NA	NC_013361.1	4840154	4841696	-	16S_rrsB_C1038T	Escherichia 16S ribosomal RNA [UNKNOWN]	core	AMR	POINT	NA	NA	POINTN	1543	1543	100.00	99.03	1544	NC_000913.3:4166659-4168201	16S ribosomal RNA	NA	NA
NA	NC_013361.1	4840154	4841696	-	16S_rrsB_G1002A	Escherichia 16S ribosomal RNA [UNKNOWN]	core	AMR	POINT	NA	NA	POINTN	1543	1543	100.00	99.03	1544	NC_000913.3:4166659-4168201	16S ribosomal RNA	NA	NA
NA	NC_013361.1	4840154	4841696	-	16S_rrsB_G1006C	Escherichia 16S ribosomal RNA [UNKNOWN]	core	AMR	POINT	NA	NA	POINTN	1543	1543	100.00	99.03	1544	NC_000913.3:4166659-4168201	16S ribosomal RNA	NA	NA
NA	NC_013361.1	4840154	4841696	-	16S_rrsB_G1024GG	Escherichia 16S ribosomal RNA [UNKNOWN]	core	AMR	POINT	NA	NA	POINTN	1543	1543	100.00	99.03	1544	NC_000913.3:4166659-4168201	16S ribosomal RNA	NA	NA
NA	NC_013361.1	4840154	4841696	-	16S_rrsB_GA79AC	Escherichia 16S ribosomal RNA [UNKNOWN]	core	AMR	POINT	NA	NA	POINTN	1543	1543	100.00	99.03	1544	NC_000913.3:4166659-4168201	16S ribosomal RNA	NA	NA
NA	NC_013361.1	4840154	4841696	-	16S_rrsB_T1010C	Escherichia 16S ribosomal RNA [UNKNOWN]	core	AMR	POINT	NA	NA	POINTN	1543	1543	100.00	99.03	1544	NC_000913.3:4166659-4168201	16S ribosomal RNA	NA	NA
NA	NC_013361.1	4840154	4841696	-	16S_rrsB_T273A	Escherichia 16S ribosomal RNA [UNKNOWN]	core	AMR	POINT	NA	NA	POINTN	1543	1543	100.00	99.03	1544	NC_000913.3:4166659-4168201	16S ribosomal RNA	NA	NA
NA	NC_013361.1	4840154	4841696	-	16S_rrsB_T93C	Escherichia 16S ribosomal RNA [UNKNOWN]	core	AMR	POINT	NA	NA	POINTN	1543	1543	100.00	99.03	1544	NC_000913.3:4166659-4168201	16S ribosomal RNA	NA	NA
NA	NC_013361.1	4840154	4841696	-	16S_rrsB_TC89GT	Escherichia 16S ribosomal RNA [UNKNOWN]	core	AMR	POINT	NA	NA	POINTN	1543	1543	100.00	99.03	1544	NC_000913.3:4166659-4168201	16S ribosomal RNA	NA	NA
NA	NC_013361.1	4840154	4841696	-	16S_rrsC_A1019DEL	Escherichia 16S ribosomal RNA [UNKNOWN]	core	AMR	POINT	NA	NA	POINTN	1543	1543	100.00	99.29	1544	NC_000913.3:3941808-3943350	16S ribosomal RNA	NA	NA
NA	NC_013361.1	4840154	4841696	-	16S_rrsC_A1022T	Escherichia 16S ribosomal RNA [UNKNOWN]	core	AMR	POINT	NA	NA	POINTN	1543	1543	100.00	99.29	1544	NC_000913.3:3941808-3943350	16S ribosomal RNA	NA	NA
NA	NC_013361.1	4840154	4841696	-	16S_rrsC_A226G	Escherichia 16S ribosomal RNA [UNKNOWN]	core	AMR	POINT	NA	NA	POINTN	1543	1543	100.00	99.29	1544	NC_000913.3:3941808-3943350	16S ribosomal RNA	NA	NA
NA	NC_013361.1	4840154	4841696	-	16S_rrsC_A250T	Escherichia 16S ribosomal RNA [UNKNOWN]	core	AMR	POINT	NA	NA	POINTN	1543	1543	100.00	99.29	1544	NC_000913.3:3941808-3943350	16S ribosomal RNA	NA	NA
NA	NC_013361.1	4840154	4841696	-	16S_rrsC_A253T	Escherichia 16S ribosomal RNA [UNKNOWN]	core	AMR	POINT	NA	NA	POINTN	1543	1543	100.00	99.29	1544	NC_000913.3:3941808-3943350	16S ribosomal RNA	NA	NA
NA	NC_013361.1	4840154	4841696	-	16S_rrsC_C1038T	Escherichia 16S ribosomal RNA [UNKNOWN]	core	AMR	POINT	NA	NA	POINTN	1543	1543	100.00	99.29	1544	NC_000913.3:3941808-3943350	16S ribosomal RNA	NA	NA
NA	NC_013361.1	4840154	4841696	-	16S_rrsC_G1002A	Escherichia 16S ribosomal RNA [UNKNOWN]	core	AMR	POINT	NA	NA	POINTN	1543	1543	100.00	99.29	1544	NC_000913.3:3941808-3943350	16S ribosomal RNA	NA	NA
NA	NC_013361.1	4840154	4841696	-	16S_rrsC_G1006C	Escherichia 16S ribosomal RNA [UNKNOWN]	core	AMR	POINT	NA	NA	POINTN	1543	1543	100.00	99.29	1544	NC_000913.3:3941808-3943350	16S ribosomal RNA	NA	NA
NA	NC_013361.1	4840154	4841696	-	16S_rrsC_G1024GG	Escherichia 16S ribosomal RNA [UNKNOWN]	core	AMR	POINT	NA	NA	POINTN	1543	1543	100.00	99.29	1544	NC_000913.3:3941808-3943350	16S ribosomal RNA	NA	NA
NA	NC_013361.1	4840154	4841696	-	16S_rrsC_T1010C	Escherichia 16S ribosomal RNA [UNKNOWN]	core	AMR	POINT	NA	NA	POINTN	1543	1543	100.00	99.29	1544	NC_000913.3:3941808-3943350	16S ribosomal RNA	NA	NA
NA	NC_013361.1	4840154	4841696	-	16S_rrsC_T273A	Escherichia 16S ribosomal RNA [UNKNOWN]	core	AMR	POINT	NA	NA	POINTN	1543	1543	100.00	99.29	1544	NC_000913.3:3941808-3943350	16S ribosomal RNA	NA	NA
NA	NC_013361.1	4908515	4910926	+	gyrB_D426D	DNA topoisomerase (ATP-hydrolyzing) subunit B GyrB [WILDTYPE]	core	AMR	POINT	QUINOLONE	QUINOLONE	POINTX	804	804	100.00	100.00	804	WP_000072067.1	DNA topoisomerase (ATP-hydrolyzing) subunit B GyrB	NA	NA
NA	NC_013361.1	4908515	4910926	+	gyrB_K447K	DNA topoisomerase (ATP-hydrolyzing) subunit B GyrB [WILDTYPE]	core	AMR	POINT	QUINOLONE	NALIDIXIC_ACID	POINTX	804	804	100.00	100.00	804	WP_000072067.1	DNA topoisomerase (ATP-hydrolyzing) subunit B GyrB	NA	NA
NA	NC_013361.1	4908515	4910926	+	gyrB_R136R	DNA topoisomerase (ATP-hydrolyzing) subunit B GyrB [WILDTYPE]	core	AMR	POINT	AMINOCOUMARIN	AMINOCOUMARIN	POINTX	804	804	100.00	100.00	804	WP_000072067.1	DNA topoisomerase (ATP-hydrolyzing) subunit B GyrB	NA	NA
NA	NC_013361.1	4938049	4938636	+	uhpA_G97G	DNA-binding response regulator UhpA [WILDTYPE]	core	AMR	POINT	FOSFOMYCIN	FOSFOMYCIN	POINTX	196	196	100.00	100.00	196	WP_000633668.1	DNA-binding response regulator UhpA	NA	NA
NA	NC_013361.1	4941726	4943114	+	uhpT_E350E	hexose phosphate transporter UhpT [WILDTYPE]	core	AMR	POINT	FOSFOMYCIN	FOSFOMYCIN	POINTX	463	463	100.00	100.00	463	WP_000879194.1	hexose phosphate transporter UhpT	NA	NA
NA	NC_013361.1	5132255	5133797	+	16S_A1055A	Escherichia 16S ribosomal RNA [WILDTYPE]	core	AMR	POINT	TETRACYCLINE	TETRACYCLINE	POINTN	1543	1543	100.00	99.74	1543	NC_000913.3:4166659-4168201	16S ribosomal RNA	NA	NA
NA	NC_013361.1	5132255	5133797	+	16S_A1408A	Escherichia 16S ribosomal RNA [WILDTYPE]	core	AMR	POINT	AMINOGLYCOSIDE	GENTAMICIN_C/NEOMYCIN/PAROMOMYCIN	POINTN	1543	1543	100.00	99.74	1543	NC_000913.3:4166659-4168201	16S ribosomal RNA	NA	NA
NA	NC_013361.1	5132255	5133797	+	16S_A1499A	Escherichia 16S ribosomal RNA [WILDTYPE]	core	AMR	POINT	EDEINE	EDEINE	POINTN	1543	1543	100.00	99.74	1543	NC_000913.3:4166659-4168201	16S ribosomal RNA	NA	NA
NA	NC_013361.1	5132255	5133797	+	16S_A1519A	Escherichia 16S ribosomal RNA [WILDTYPE]	core	AMR	POINT	AMINOGLYCOSIDE	KASUGAMYCIN	POINTN	1543	1543	100.00	99.74	1543	NC_000913.3:3941808-3943350	16S ribosomal RNA	NA	NA
NA	NC_013361.1	5132255	5133797	+	16S_A523A	Escherichia 16S ribosomal RNA [WILDTYPE]	core	AMR	POINT	AMINOGLYCOSIDE	STREPTOMYCIN	POINTN	1543	1543	100.00	99.74	1543	NC_000913.3:4166659-4168201	16S ribosomal RNA	NA	NA
NA	NC_013361.1	5132255	5133797	+	16S_A794A	Escherichia 16S ribosomal RNA [WILDTYPE]	core	AMR	POINT	AMINOGLYCOSIDE	KASUGAMYCIN	POINTN	1543	1543	100.00	99.74	1543	NC_000913.3:3941808-3943350	16S ribosomal RNA	NA	NA
NA	NC_013361.1	5132255	5133797	+	16S_A964A	Escherichia 16S ribosomal RNA [WILDTYPE]	core	AMR	POINT	TETRACYCLINE	TETRACYCLINE	POINTN	1543	1543	100.00	99.74	1543	NC_000913.3:4166659-4168201	16S ribosomal RNA	NA	NA
NA	NC_013361.1	5132255	5133797	+	16S_C1054C	Escherichia 16S ribosomal RNA [WILDTYPE]	core	AMR	POINT	TETRACYCLINE	TETRACYCLINE	POINTN	1543	1543	100.00	99.74	1543	NC_000913.3:4166659-4168201	16S ribosomal RNA	NA	NA
NA	NC_013361.1	5132255	5133797	+	16S_C1066C	Escherichia 16S ribosomal RNA [WILDTYPE]	core	AMR	POINT	AMINOGLYCOSIDE	SPECTINOMYCIN	POINTN	1543	1543	100.00	99.74	1543	NC_000913.3:4166659-4168201	16S ribosomal RNA	NA	NA
NA	NC_013361.1	5132255	5133797	+	16S_C1192C	Escherichia 16S ribosomal RNA [WILDTYPE]	core	AMR	POINT	AMINOGLYCOSIDE	SPECTINOMYCIN	POINTN	1543	1543	100.00	99.74	1543	NC_000913.3:4166659-4168201	16S ribosomal RNA	NA	NA
NA	NC_013361.1	5132255	5133797	+	16S_C528C	Escherichia 16S ribosomal RNA [WILDTYPE]	core	AMR	POINT	AMINOGLYCOSIDE	STREPTOMYCIN	POINTN	1543	1543	100.00	99.74	1543	NC_000913.3:4166659-4168201	16S ribosomal RNA	NA	NA
NA	NC_013361.1	5132255	5133797	+	16S_G1053G	Escherichia 16S ribosomal RNA [WILDTYPE]	core	AMR	POINT	TETRACYCLINE	TETRACYCLINE	POINTN	1543	1543	100.00	99.74	1543	NC_000913.3:4166659-4168201	16S ribosomal RNA	NA	NA
NA	NC_013361.1	5132255	5133797	+	16S_G1058G	Escherichia 16S ribosomal RNA [WILDTYPE]	core	AMR	POINT	TETRACYCLINE	TETRACYCLINE	POINTN	1543	1543	100.00	99.74	1543	NC_000913.3:4166659-4168201	16S ribosomal RNA	NA	NA
NA	NC_013361.1	5132255	5133797	+	16S_G1064G	Escherichia 16S ribosomal RNA [WILDTYPE]	core	AMR	POINT	AMINOGLYCOSIDE	SPECTINOMYCIN	POINTN	1543	1543	100.00	99.74	1543	NC_000913.3:4166659-4168201	16S ribosomal RNA	NA	NA
NA	NC_013361.1	5132255	5133797	+	16S_G1068G	Escherichia 16S ribosomal RNA [WILDTYPE]	core	AMR	POINT	AMINOGLYCOSIDE	SPECTINOMYCIN	POINTN	1543	1543	100.00	99.74	1543	NC_000913.3:4166659-4168201	16S ribosomal RNA	NA	NA
NA	NC_013361.1	5132255	5133797	+	16S_G527G	Escherichia 16S ribosomal RNA [WILDTYPE]	core	AMR	POINT	AMINOGLYCOSIDE	STREPTOMYCIN	POINTN	1543	1543	100.00	99.74	1543	NC_000913.3:4166659-4168201	16S ribosomal RNA	NA	NA
NA	NC_013361.1	5132255	5133797	+	16S_G926G	Escherichia 16S ribosomal RNA [WILDTYPE]	core	AMR	POINT	AMINOGLYCOSIDE	KASUGAMYCIN	POINTN	1543	1543	100.00	99.74	1543	NC_000913.3:3941808-3943350	16S ribosomal RNA	NA	NA
NA	NC_013361.1	5132255	5133797	+	16S_T1406T	Escherichia 16S ribosomal RNA [WILDTYPE]	core	AMR	POINT	AMINOGLYCOSIDE	G418/TOBRAMYCIN	POINTN	1543	1543	100.00	99.74	1543	NC_000913.3:4166659-4168201	16S ribosomal RNA	NA	NA
NA	NC_013361.1	5132255	5133797	+	16S_rrsB_A80C	Escherichia 16S ribosomal RNA [UNKNOWN]	core	AMR	POINT	NA	NA	POINTN	1543	1543	100.00	99.74	1543	NC_000913.3:4166659-4168201	16S ribosomal RNA	NA	NA
NA	NC_013361.1	5132255	5133797	+	16S_rrsB_G474A	Escherichia 16S ribosomal RNA [UNKNOWN]	core	AMR	POINT	NA	NA	POINTN	1543	1543	100.00	99.74	1543	NC_000913.3:4166659-4168201	16S ribosomal RNA	NA	NA
NA	NC_013361.1	5132255	5133797	+	16S_rrsB_T89G	Escherichia 16S ribosomal RNA [UNKNOWN]	core	AMR	POINT	NA	NA	POINTN	1543	1543	100.00	99.74	1543	NC_000913.3:4166659-4168201	16S ribosomal RNA	NA	NA
NA	NC_013361.1	5132255	5133797	+	16S_rrsB_T93C	Escherichia 16S ribosomal RNA [UNKNOWN]	core	AMR	POINT	NA	NA	POINTN	1543	1543	100.00	99.74	1543	NC_000913.3:4166659-4168201	16S ribosomal RNA	NA	NA
NA	NC_013361.1	5132255	5133797	+	16S_rrsC_A226G	Escherichia 16S ribosomal RNA [UNKNOWN]	core	AMR	POINT	NA	NA	POINTN	1543	1543	100.00	99.74	1543	NC_000913.3:3941808-3943350	16S ribosomal RNA	NA	NA
NA	NC_013361.1	5132255	5133797	+	16S_rrsC_A79G	Escherichia 16S ribosomal RNA [UNKNOWN]	core	AMR	POINT	NA	NA	POINTN	1543	1543	100.00	99.74	1543	NC_000913.3:3941808-3943350	16S ribosomal RNA	NA	NA
NA	NC_013361.1	5132255	5133797	+	16S_rrsC_G474A	Escherichia 16S ribosomal RNA [UNKNOWN]	core	AMR	POINT	NA	NA	POINTN	1543	1543	100.00	99.74	1543	NC_000913.3:3941808-3943350	16S ribosomal RNA	NA	NA
NA	NC_013361.1	5132255	5133797	+	16S_rrsC_T90C	Escherichia 16S ribosomal RNA [UNKNOWN]	core	AMR	POINT	NA	NA	POINTN	1543	1543	100.00	99.74	1543	NC_000913.3:3941808-3943350	16S ribosomal RNA	NA	NA
NA	NC_013361.1	5134151	5137055	+	23S_A1220G	Escherichia 23S ribosomal RNA [UNKNOWN]	core	AMR	POINT	NA	NA	POINTN	2905	2905	100.00	99.41	2905	NC_004431.1:237160-240064	23S ribosomal RNA	NA	NA
NA	NC_013361.1	5134151	5137055	+	23S_A1535G	Escherichia 23S ribosomal RNA [UNKNOWN]	core	AMR	POINT	NA	NA	POINTN	2905	2905	100.00	99.41	2905	NC_004431.1:237160-240064	23S ribosomal RNA	NA	NA
NA	NC_013361.1	5134151	5137055	+	23S_A2058A	Escherichia 23S ribosomal RNA [WILDTYPE]	core	AMR	POINT	MACROLIDE	AZITHROMYCIN/ERYTHROMYCIN/TELITHROMYCIN	POINTN	2905	2905	100.00	99.41	2905	NC_004431.1:237160-240064	23S ribosomal RNA	NA	NA
NA	NC_013361.1	5134151	5137055	+	23S_C2611C	Escherichia 23S ribosomal RNA [WILDTYPE]	core	AMR	POINT	MACROLIDE	ERYTHROMYCIN/TELITHROMYCIN	POINTN	2905	2905	100.00	99.41	2905	NC_004431.1:237160-240064	23S ribosomal RNA	NA	NA
NA	NC_013361.1	5134151	5137055	+	23S_C846T	Escherichia 23S ribosomal RNA [UNKNOWN]	core	AMR	POINT	NA	NA	POINTN	2905	2905	100.00	99.41	2905	NC_004431.1:237160-240064	23S ribosomal RNA	NA	NA
NA	NC_013361.1	5134151	5137055	+	23S_CGA1725TCC	Escherichia 23S ribosomal RNA [UNKNOWN]	core	AMR	POINT	NA	NA	POINTN	2905	2905	100.00	99.41	2905	NC_004431.1:237160-240064	23S ribosomal RNA	NA	NA
NA	NC_013361.1	5134151	5137055	+	23S_G2032G	Escherichia 23S ribosomal RNA [WILDTYPE]	core	AMR	POINT	LINCOSAMIDE/OXAZOLIDINONE	CLINDAMYCIN/LINEZOLID	POINTN	2905	2905	100.00	99.41	2905	NC_004431.1:237160-240064	23S ribosomal RNA	NA	NA
NA	NC_013361.1	5134151	5137055	+	23S_G2032G	Escherichia 23S ribosomal RNA [WILDTYPE]	core	AMR	POINT	MACROLIDE/OXAZOLIDINONE	CLARITHROMYCIN/LINEZOLID	POINTN	2905	2905	100.00	99.41	2905	NC_004431.1:237160-240064	23S ribosomal RNA	NA	NA
NA	NC_013361.1	5134151	5137055	+	23S_G2032G	Escherichia 23S ribosomal RNA [WILDTYPE]	core	AMR	POINT	OXAZOLIDINONE	LINEZOLID	POINTN	2905	2905	100.00	99.41	2905	NC_004431.1:237160-240064	23S ribosomal RNA	NA	NA
NA	NC_013361.1	5134151	5137055	+	23S_G2057G	Escherichia 23S ribosomal RNA [WILDTYPE]	core	AMR	POINT	MULTIDRUG	CHLORAMPHENICOL/ERYTHROMYCIN/TELITHROMYCIN	POINTN	2905	2905	100.00	99.41	2905	NC_004431.1:237160-240064	23S ribosomal RNA	NA	NA
NA	NC_013361.1	5134151	5137055	+	23S_G2447G	Escherichia 23S ribosomal RNA [WILDTYPE]	core	AMR	POINT	OXAZOLIDINONE	LINEZOLID	POINTN	2905	2905	100.00	99.41	2905	NC_004431.1:237160-240064	23S ribosomal RNA	NA	NA
NA	NC_013361.1	5134151	5137055	+	23S_G264C	Escherichia 23S ribosomal RNA [UNKNOWN]	core	AMR	POINT	NA	NA	POINTN	2905	2905	100.00	99.41	2905	NC_004431.1:237160-240064	23S ribosomal RNA	NA	NA
NA	NC_013361.1	5134151	5137055	+	23S_G2802A	Escherichia 23S ribosomal RNA [UNKNOWN]	core	AMR	POINT	NA	NA	POINTN	2905	2905	100.00	99.41	2905	NC_004431.1:237160-240064	23S ribosomal RNA	NA	NA
NA	NC_013361.1	5134151	5137055	+	23S_G285A	Escherichia 23S ribosomal RNA [UNKNOWN]	core	AMR	POINT	NA	NA	POINTN	2905	2905	100.00	99.41	2905	NC_004431.1:237160-240064	23S ribosomal RNA	NA	NA
NA	NC_013361.1	5134151	5137055	+	23S_N970T	Escherichia 23S ribosomal RNA [UNKNOWN]	core	AMR	POINT	NA	NA	POINTN	2905	2905	100.00	99.41	2905	NC_004431.1:237160-240064	23S ribosomal RNA	NA	NA
NA	NC_013361.1	5134151	5137055	+	23S_T1211C	Escherichia 23S ribosomal RNA [UNKNOWN]	core	AMR	POINT	NA	NA	POINTN	2905	2905	100.00	99.41	2905	NC_004431.1:237160-240064	23S ribosomal RNA	NA	NA
NA	NC_013361.1	5134151	5137055	+	23S_T1229C	Escherichia 23S ribosomal RNA [UNKNOWN]	core	AMR	POINT	NA	NA	POINTN	2905	2905	100.00	99.41	2905	NC_004431.1:237160-240064	23S ribosomal RNA	NA	NA
NA	NC_013361.1	5134151	5137055	+	23S_T1730C	Escherichia 23S ribosomal RNA [UNKNOWN]	core	AMR	POINT	NA	NA	POINTN	2905	2905	100.00	99.41	2905	NC_004431.1:237160-240064	23S ribosomal RNA	NA	NA
NA	NC_013361.1	5134151	5137055	+	23S_T2609T	Escherichia 23S ribosomal RNA [WILDTYPE]	core	AMR	POINT	MACROLIDE	TELITHROMYCIN	POINTN	2905	2905	100.00	99.41	2905	NC_004431.1:237160-240064	23S ribosomal RNA	NA	NA
NA	NC_013361.1	5134151	5137055	+	23S_T542C	Escherichia 23S ribosomal RNA [UNKNOWN]	core	AMR	POINT	NA	NA	POINTN	2905	2905	100.00	99.41	2905	NC_004431.1:237160-240064	23S ribosomal RNA	NA	NA
NA	NC_013361.1	5134151	5137055	+	23S_T754T	Escherichia 23S ribosomal RNA [WILDTYPE]	core	AMR	POINT	MACROLIDE	ERYTHROMYCIN/TELITHROMYCIN	POINTN	2905	2905	100.00	99.41	2905	NC_004431.1:237160-240064	23S ribosomal RNA	NA	NA
NA	NC_013361.1	5134151	5137055	+	23S_TCG1733GGA	Escherichia 23S ribosomal RNA [UNKNOWN]	core	AMR	POINT	NA	NA	POINTN	2905	2905	100.00	99.41	2905	NC_004431.1:237160-240064	23S ribosomal RNA	NA	NA
NA	NC_013361.1	5141454	5142632	+	tufA_A376A	translation elongation factor EF-Tu 1 [WILDTYPE]	core	AMR	POINT	POLYKETIDE	KIRROMYCIN	POINTX	393	394	99.75	100.00	393	WP_000031783.1	translation elongation factor EF-Tu 1	NA	NA
NA	NC_013361.1	5141454	5142632	+	tufA_E379E	translation elongation factor EF-Tu 1 [WILDTYPE]	core	AMR	POINT	POLYKETIDE	KIRROMYCIN	POINTX	393	394	99.75	100.00	393	WP_000031783.1	translation elongation factor EF-Tu 1	NA	NA
NA	NC_013361.1	5141454	5142632	+	tufA_G317G	translation elongation factor EF-Tu 1 [WILDTYPE]	core	AMR	POINT	POLYKETIDE	KIRROMYCIN	POINTX	393	394	99.75	100.00	393	WP_000031783.1	translation elongation factor EF-Tu 1	NA	NA
NA	NC_013361.1	5141454	5142632	+	tufA_L121L	translation elongation factor EF-Tu 1 [WILDTYPE]	core	AMR	POINT	POLYKETIDE	KIRROMYCIN	POINTX	393	394	99.75	100.00	393	WP_000031783.1	translation elongation factor EF-Tu 1	NA	NA
NA	NC_013361.1	5141454	5142632	+	tufA_Q125Q	translation elongation factor EF-Tu 1 [WILDTYPE]	core	AMR	POINT	POLYKETIDE	KIRROMYCIN	POINTX	393	394	99.75	100.00	393	WP_000031783.1	translation elongation factor EF-Tu 1	NA	NA
NA	NC_013361.1	5141454	5142632	+	tufA_Q330Q	translation elongation factor EF-Tu 1 [WILDTYPE]	core	AMR	POINT	POLYKETIDE	KIRROMYCIN	POINTX	393	394	99.75	100.00	393	WP_000031783.1	translation elongation factor EF-Tu 1	NA	NA
NA	NC_013361.1	5141454	5142632	+	tufA_R231R	translation elongation factor EF-Tu 1 [WILDTYPE]	core	AMR	POINT	POLYKETIDE	PULVOMYCIN	POINTX	393	394	99.75	100.00	393	WP_000031783.1	translation elongation factor EF-Tu 1	NA	NA
NA	NC_013361.1	5141454	5142632	+	tufA_R234R	translation elongation factor EF-Tu 1 [WILDTYPE]	core	AMR	POINT	POLYKETIDE	PULVOMYCIN	POINTX	393	394	99.75	100.00	393	WP_000031783.1	translation elongation factor EF-Tu 1	NA	NA
NA	NC_013361.1	5141454	5142632	+	tufA_R334R	translation elongation factor EF-Tu 1 [WILDTYPE]	core	AMR	POINT	POLYKETIDE	PULVOMYCIN	POINTX	393	394	99.75	100.00	393	WP_000031783.1	translation elongation factor EF-Tu 1	NA	NA
NA	NC_013361.1	5141454	5142632	+	tufA_T335T	translation elongation factor EF-Tu 1 [WILDTYPE]	core	AMR	POINT	POLYKETIDE	PULVOMYCIN	POINTX	393	394	99.75	100.00	393	WP_000031783.1	translation elongation factor EF-Tu 1	NA	NA
NA	NC_013361.1	5141454	5142632	+	tufA_Y161Y	translation elongation factor EF-Tu 1 [WILDTYPE]	core	AMR	POINT	POLYKETIDE	KIRROMYCIN	POINTX	393	394	99.75	100.00	393	WP_000031783.1	translation elongation factor EF-Tu 1	NA	NA
NA	NC_013361.1	5146755	5150780	+	rpoB_D516D	DNA-directed RNA polymerase subunit beta RpoB [WILDTYPE]	core	AMR	POINT	RIFAMYCIN	RIFAMPIN	POINTX	1342	1342	100.00	100.00	1342	WP_000263098.1	DNA-directed RNA polymerase subunit beta RpoB	NA	NA
NA	NC_013361.1	5146755	5150780	+	rpoB_H526H	DNA-directed RNA polymerase subunit beta RpoB [WILDTYPE]	core	AMR	POINT	RIFAMYCIN	RIFAMPIN	POINTX	1342	1342	100.00	100.00	1342	WP_000263098.1	DNA-directed RNA polymerase subunit beta RpoB	NA	NA
NA	NC_013361.1	5146755	5150780	+	rpoB_H526H	DNA-directed RNA polymerase subunit beta RpoB [WILDTYPE]	core	AMR	POINT	RIFAMYCIN	RIFAMYCIN	POINTX	1342	1342	100.00	100.00	1342	WP_000263098.1	DNA-directed RNA polymerase subunit beta RpoB	NA	NA
NA	NC_013361.1	5146755	5150780	+	rpoB_I572I	DNA-directed RNA polymerase subunit beta RpoB [WILDTYPE]	core	AMR	POINT	RIFAMYCIN	RIFAMYCIN	POINTX	1342	1342	100.00	100.00	1342	WP_000263098.1	DNA-directed RNA polymerase subunit beta RpoB	NA	NA
NA	NC_013361.1	5146755	5150780	+	rpoB_L511L	DNA-directed RNA polymerase subunit beta RpoB [WILDTYPE]	core	AMR	POINT	RIFAMYCIN	RIFAMPIN	POINTX	1342	1342	100.00	100.00	1342	WP_000263098.1	DNA-directed RNA polymerase subunit beta RpoB	NA	NA
NA	NC_013361.1	5146755	5150780	+	rpoB_L533L	DNA-directed RNA polymerase subunit beta RpoB [WILDTYPE]	core	AMR	POINT	RIFAMYCIN	RIFAMYCIN	POINTX	1342	1342	100.00	100.00	1342	WP_000263098.1	DNA-directed RNA polymerase subunit beta RpoB	NA	NA
NA	NC_013361.1	5146755	5150780	+	rpoB_P564P	DNA-directed RNA polymerase subunit beta RpoB [WILDTYPE]	core	AMR	POINT	RIFAMYCIN	RIFAMYCIN	POINTX	1342	1342	100.00	100.00	1342	WP_000263098.1	DNA-directed RNA polymerase subunit beta RpoB	NA	NA
NA	NC_013361.1	5146755	5150780	+	rpoB_Q148Q	DNA-directed RNA polymerase subunit beta RpoB [WILDTYPE]	core	AMR	POINT	RIFAMYCIN	RIFAMPIN	POINTX	1342	1342	100.00	100.00	1342	WP_000263098.1	DNA-directed RNA polymerase subunit beta RpoB	NA	NA
NA	NC_013361.1	5146755	5150780	+	rpoB_Q513Q	DNA-directed RNA polymerase subunit beta RpoB [WILDTYPE]	core	AMR	POINT	RIFAMYCIN	RIFAMYCIN	POINTX	1342	1342	100.00	100.00	1342	WP_000263098.1	DNA-directed RNA polymerase subunit beta RpoB	NA	NA
NA	NC_013361.1	5146755	5150780	+	rpoB_Q517Q	DNA-directed RNA polymerase subunit beta RpoB [WILDTYPE]	core	AMR	POINT	RIFAMYCIN	RIFAMPIN	POINTX	1342	1342	100.00	100.00	1342	WP_000263098.1	DNA-directed RNA polymerase subunit beta RpoB	NA	NA
NA	NC_013361.1	5146755	5150780	+	rpoB_R529R	DNA-directed RNA polymerase subunit beta RpoB [WILDTYPE]	core	AMR	POINT	RIFAMYCIN	RIFAMYCIN	POINTX	1342	1342	100.00	100.00	1342	WP_000263098.1	DNA-directed RNA polymerase subunit beta RpoB	NA	NA
NA	NC_013361.1	5146755	5150780	+	rpoB_R687R	DNA-directed RNA polymerase subunit beta RpoB [WILDTYPE]	core	AMR	POINT	RIFAMYCIN	RIFAMYCIN	POINTX	1342	1342	100.00	100.00	1342	WP_000263098.1	DNA-directed RNA polymerase subunit beta RpoB	NA	NA
NA	NC_013361.1	5146755	5150780	+	rpoB_S531S	DNA-directed RNA polymerase subunit beta RpoB [WILDTYPE]	core	AMR	POINT	RIFAMYCIN	RIFAMYCIN	POINTX	1342	1342	100.00	100.00	1342	WP_000263098.1	DNA-directed RNA polymerase subunit beta RpoB	NA	NA
NA	NC_013361.1	5146755	5150780	+	rpoB_T563T	DNA-directed RNA polymerase subunit beta RpoB [WILDTYPE]	core	AMR	POINT	RIFAMYCIN	RIFAMYCIN	POINTX	1342	1342	100.00	100.00	1342	WP_000263098.1	DNA-directed RNA polymerase subunit beta RpoB	NA	NA
NA	NC_013361.1	5146755	5150780	+	rpoB_V146V	DNA-directed RNA polymerase subunit beta RpoB [WILDTYPE]	core	AMR	POINT	RIFAMYCIN	RIFAMYCIN	POINTX	1342	1342	100.00	100.00	1342	WP_000263098.1	DNA-directed RNA polymerase subunit beta RpoB	NA	NA
NA	NC_013361.1	5173636	5175178	+	16S_A1055A	Escherichia 16S ribosomal RNA [WILDTYPE]	core	AMR	POINT	TETRACYCLINE	TETRACYCLINE	POINTN	1543	1543	100.00	99.61	1543	NC_000913.3:4166659-4168201	16S ribosomal RNA	NA	NA
NA	NC_013361.1	5173636	5175178	+	16S_A1408A	Escherichia 16S ribosomal RNA [WILDTYPE]	core	AMR	POINT	AMINOGLYCOSIDE	GENTAMICIN_C/NEOMYCIN/PAROMOMYCIN	POINTN	1543	1543	100.00	99.61	1543	NC_000913.3:4166659-4168201	16S ribosomal RNA	NA	NA
NA	NC_013361.1	5173636	5175178	+	16S_A1499A	Escherichia 16S ribosomal RNA [WILDTYPE]	core	AMR	POINT	EDEINE	EDEINE	POINTN	1543	1543	100.00	99.61	1543	NC_000913.3:4166659-4168201	16S ribosomal RNA	NA	NA
NA	NC_013361.1	5173636	5175178	+	16S_A1519A	Escherichia 16S ribosomal RNA [WILDTYPE]	core	AMR	POINT	AMINOGLYCOSIDE	KASUGAMYCIN	POINTN	1543	1543	100.00	99.48	1543	NC_000913.3:3941808-3943350	16S ribosomal RNA	NA	NA
NA	NC_013361.1	5173636	5175178	+	16S_A523A	Escherichia 16S ribosomal RNA [WILDTYPE]	core	AMR	POINT	AMINOGLYCOSIDE	STREPTOMYCIN	POINTN	1543	1543	100.00	99.61	1543	NC_000913.3:4166659-4168201	16S ribosomal RNA	NA	NA
NA	NC_013361.1	5173636	5175178	+	16S_A794A	Escherichia 16S ribosomal RNA [WILDTYPE]	core	AMR	POINT	AMINOGLYCOSIDE	KASUGAMYCIN	POINTN	1543	1543	100.00	99.48	1543	NC_000913.3:3941808-3943350	16S ribosomal RNA	NA	NA
NA	NC_013361.1	5173636	5175178	+	16S_A964A	Escherichia 16S ribosomal RNA [WILDTYPE]	core	AMR	POINT	TETRACYCLINE	TETRACYCLINE	POINTN	1543	1543	100.00	99.61	1543	NC_000913.3:4166659-4168201	16S ribosomal RNA	NA	NA
NA	NC_013361.1	5173636	5175178	+	16S_C1054C	Escherichia 16S ribosomal RNA [WILDTYPE]	core	AMR	POINT	TETRACYCLINE	TETRACYCLINE	POINTN	1543	1543	100.00	99.61	1543	NC_000913.3:4166659-4168201	16S ribosomal RNA	NA	NA
NA	NC_013361.1	5173636	5175178	+	16S_C1066C	Escherichia 16S ribosomal RNA [WILDTYPE]	core	AMR	POINT	AMINOGLYCOSIDE	SPECTINOMYCIN	POINTN	1543	1543	100.00	99.61	1543	NC_000913.3:4166659-4168201	16S ribosomal RNA	NA	NA
NA	NC_013361.1	5173636	5175178	+	16S_C1192C	Escherichia 16S ribosomal RNA [WILDTYPE]	core	AMR	POINT	AMINOGLYCOSIDE	SPECTINOMYCIN	POINTN	1543	1543	100.00	99.61	1543	NC_000913.3:4166659-4168201	16S ribosomal RNA	NA	NA
NA	NC_013361.1	5173636	5175178	+	16S_C528C	Escherichia 16S ribosomal RNA [WILDTYPE]	core	AMR	POINT	AMINOGLYCOSIDE	STREPTOMYCIN	POINTN	1543	1543	100.00	99.61	1543	NC_000913.3:4166659-4168201	16S ribosomal RNA	NA	NA
NA	NC_013361.1	5173636	5175178	+	16S_G1053G	Escherichia 16S ribosomal RNA [WILDTYPE]	core	AMR	POINT	TETRACYCLINE	TETRACYCLINE	POINTN	1543	1543	100.00	99.61	1543	NC_000913.3:4166659-4168201	16S ribosomal RNA	NA	NA
NA	NC_013361.1	5173636	5175178	+	16S_G1058G	Escherichia 16S ribosomal RNA [WILDTYPE]	core	AMR	POINT	TETRACYCLINE	TETRACYCLINE	POINTN	1543	1543	100.00	99.61	1543	NC_000913.3:4166659-4168201	16S ribosomal RNA	NA	NA
NA	NC_013361.1	5173636	5175178	+	16S_G1064G	Escherichia 16S ribosomal RNA [WILDTYPE]	core	AMR	POINT	AMINOGLYCOSIDE	SPECTINOMYCIN	POINTN	1543	1543	100.00	99.61	1543	NC_000913.3:4166659-4168201	16S ribosomal RNA	NA	NA
NA	NC_013361.1	5173636	5175178	+	16S_G1068G	Escherichia 16S ribosomal RNA [WILDTYPE]	core	AMR	POINT	AMINOGLYCOSIDE	SPECTINOMYCIN	POINTN	1543	1543	100.00	99.61	1543	NC_000913.3:4166659-4168201	16S ribosomal RNA	NA	NA
NA	NC_013361.1	5173636	5175178	+	16S_G527G	Escherichia 16S ribosomal RNA [WILDTYPE]	core	AMR	POINT	AMINOGLYCOSIDE	STREPTOMYCIN	POINTN	1543	1543	100.00	99.61	1543	NC_000913.3:4166659-4168201	16S ribosomal RNA	NA	NA
NA	NC_013361.1	5173636	5175178	+	16S_G926G	Escherichia 16S ribosomal RNA [WILDTYPE]	core	AMR	POINT	AMINOGLYCOSIDE	KASUGAMYCIN	POINTN	1543	1543	100.00	99.48	1543	NC_000913.3:3941808-3943350	16S ribosomal RNA	NA	NA
NA	NC_013361.1	5173636	5175178	+	16S_T1406T	Escherichia 16S ribosomal RNA [WILDTYPE]	core	AMR	POINT	AMINOGLYCOSIDE	G418/TOBRAMYCIN	POINTN	1543	1543	100.00	99.61	1543	NC_000913.3:4166659-4168201	16S ribosomal RNA	NA	NA
NA	NC_013361.1	5173636	5175178	+	16S_rrsB_A250T	Escherichia 16S ribosomal RNA [UNKNOWN]	core	AMR	POINT	NA	NA	POINTN	1543	1543	100.00	99.61	1543	NC_000913.3:4166659-4168201	16S ribosomal RNA	NA	NA
NA	NC_013361.1	5173636	5175178	+	16S_rrsB_A253T	Escherichia 16S ribosomal RNA [UNKNOWN]	core	AMR	POINT	NA	NA	POINTN	1543	1543	100.00	99.61	1543	NC_000913.3:4166659-4168201	16S ribosomal RNA	NA	NA
NA	NC_013361.1	5173636	5175178	+	16S_rrsB_A80C	Escherichia 16S ribosomal RNA [UNKNOWN]	core	AMR	POINT	NA	NA	POINTN	1543	1543	100.00	99.61	1543	NC_000913.3:4166659-4168201	16S ribosomal RNA	NA	NA
NA	NC_013361.1	5173636	5175178	+	16S_rrsB_G76A	Escherichia 16S ribosomal RNA [UNKNOWN]	core	AMR	POINT	NA	NA	POINTN	1543	1543	100.00	99.61	1543	NC_000913.3:4166659-4168201	16S ribosomal RNA	NA	NA
NA	NC_013361.1	5173636	5175178	+	16S_rrsB_T273A	Escherichia 16S ribosomal RNA [UNKNOWN]	core	AMR	POINT	NA	NA	POINTN	1543	1543	100.00	99.61	1543	NC_000913.3:4166659-4168201	16S ribosomal RNA	NA	NA
NA	NC_013361.1	5173636	5175178	+	16S_rrsB_T89G	Escherichia 16S ribosomal RNA [UNKNOWN]	core	AMR	POINT	NA	NA	POINTN	1543	1543	100.00	99.61	1543	NC_000913.3:4166659-4168201	16S ribosomal RNA	NA	NA
NA	NC_013361.1	5173636	5175178	+	16S_rrsC_A226G	Escherichia 16S ribosomal RNA [UNKNOWN]	core	AMR	POINT	NA	NA	POINTN	1543	1543	100.00	99.48	1543	NC_000913.3:3941808-3943350	16S ribosomal RNA	NA	NA
NA	NC_013361.1	5173636	5175178	+	16S_rrsC_A250T	Escherichia 16S ribosomal RNA [UNKNOWN]	core	AMR	POINT	NA	NA	POINTN	1543	1543	100.00	99.48	1543	NC_000913.3:3941808-3943350	16S ribosomal RNA	NA	NA
NA	NC_013361.1	5173636	5175178	+	16S_rrsC_A253T	Escherichia 16S ribosomal RNA [UNKNOWN]	core	AMR	POINT	NA	NA	POINTN	1543	1543	100.00	99.48	1543	NC_000913.3:3941808-3943350	16S ribosomal RNA	NA	NA
NA	NC_013361.1	5173636	5175178	+	16S_rrsC_A79G	Escherichia 16S ribosomal RNA [UNKNOWN]	core	AMR	POINT	NA	NA	POINTN	1543	1543	100.00	99.48	1543	NC_000913.3:3941808-3943350	16S ribosomal RNA	NA	NA
NA	NC_013361.1	5173636	5175178	+	16S_rrsC_C93T	Escherichia 16S ribosomal RNA [UNKNOWN]	core	AMR	POINT	NA	NA	POINTN	1543	1543	100.00	99.48	1543	NC_000913.3:3941808-3943350	16S ribosomal RNA	NA	NA
NA	NC_013361.1	5173636	5175178	+	16S_rrsC_G76A	Escherichia 16S ribosomal RNA [UNKNOWN]	core	AMR	POINT	NA	NA	POINTN	1543	1543	100.00	99.48	1543	NC_000913.3:3941808-3943350	16S ribosomal RNA	NA	NA
NA	NC_013361.1	5173636	5175178	+	16S_rrsC_T273A	Escherichia 16S ribosomal RNA [UNKNOWN]	core	AMR	POINT	NA	NA	POINTN	1543	1543	100.00	99.48	1543	NC_000913.3:3941808-3943350	16S ribosomal RNA	NA	NA
NA	NC_013361.1	5173636	5175178	+	16S_rrsC_T90C	Escherichia 16S ribosomal RNA [UNKNOWN]	core	AMR	POINT	NA	NA	POINTN	1543	1543	100.00	99.48	1543	NC_000913.3:3941808-3943350	16S ribosomal RNA	NA	NA
NA	NC_013361.1	5175532	5178438	+	23S_A1220G	Escherichia 23S ribosomal RNA [UNKNOWN]	core	AMR	POINT	NA	NA	POINTN	2907	2905	100.00	99.14	2907	NC_004431.1:237160-240064	23S ribosomal RNA	NA	NA
NA	NC_013361.1	5175532	5178438	+	23S_A142T	Escherichia 23S ribosomal RNA [UNKNOWN]	core	AMR	POINT	NA	NA	POINTN	2907	2905	100.00	99.14	2907	NC_004431.1:237160-240064	23S ribosomal RNA	NA	NA
NA	NC_013361.1	5175532	5178438	+	23S_A2058A	Escherichia 23S ribosomal RNA [WILDTYPE]	core	AMR	POINT	MACROLIDE	AZITHROMYCIN/ERYTHROMYCIN/TELITHROMYCIN	POINTN	2907	2905	100.00	99.14	2907	NC_004431.1:237160-240064	23S ribosomal RNA	NA	NA
NA	NC_013361.1	5175532	5178438	+	23S_AT541ACA	Escherichia 23S ribosomal RNA [UNKNOWN]	core	AMR	POINT	NA	NA	POINTN	2907	2905	100.00	99.14	2907	NC_004431.1:237160-240064	23S ribosomal RNA	NA	NA
NA	NC_013361.1	5175532	5178438	+	23S_C2611C	Escherichia 23S ribosomal RNA [WILDTYPE]	core	AMR	POINT	MACROLIDE	ERYTHROMYCIN/TELITHROMYCIN	POINTN	2907	2905	100.00	99.14	2907	NC_004431.1:237160-240064	23S ribosomal RNA	NA	NA
NA	NC_013361.1	5175532	5178438	+	23S_C550CT	Escherichia 23S ribosomal RNA [UNKNOWN]	core	AMR	POINT	NA	NA	POINTN	2907	2905	100.00	99.14	2907	NC_004431.1:237160-240064	23S ribosomal RNA	NA	NA
NA	NC_013361.1	5175532	5178438	+	23S_C623T	Escherichia 23S ribosomal RNA [UNKNOWN]	core	AMR	POINT	NA	NA	POINTN	2907	2905	100.00	99.14	2907	NC_004431.1:237160-240064	23S ribosomal RNA	NA	NA
NA	NC_013361.1	5175532	5178438	+	23S_C846T	Escherichia 23S ribosomal RNA [UNKNOWN]	core	AMR	POINT	NA	NA	POINTN	2907	2905	100.00	99.14	2907	NC_004431.1:237160-240064	23S ribosomal RNA	NA	NA
NA	NC_013361.1	5175532	5178438	+	23S_CGA1725TCC	Escherichia 23S ribosomal RNA [UNKNOWN]	core	AMR	POINT	NA	NA	POINTN	2907	2905	100.00	99.14	2907	NC_004431.1:237160-240064	23S ribosomal RNA	NA	NA
NA	NC_013361.1	5175532	5178438	+	23S_CTT544AGC	Escherichia 23S ribosomal RNA [UNKNOWN]	core	AMR	POINT	NA	NA	POINTN	2907	2905	100.00	99.14	2907	NC_004431.1:237160-240064	23S ribosomal RNA	NA	NA
NA	NC_013361.1	5175532	5178438	+	23S_G2032G	Escherichia 23S ribosomal RNA [WILDTYPE]	core	AMR	POINT	LINCOSAMIDE/OXAZOLIDINONE	CLINDAMYCIN/LINEZOLID	POINTN	2907	2905	100.00	99.14	2907	NC_004431.1:237160-240064	23S ribosomal RNA	NA	NA
NA	NC_013361.1	5175532	5178438	+	23S_G2032G	Escherichia 23S ribosomal RNA [WILDTYPE]	core	AMR	POINT	MACROLIDE/OXAZOLIDINONE	CLARITHROMYCIN/LINEZOLID	POINTN	2907	2905	100.00	99.14	2907	NC_004431.1:237160-240064	23S ribosomal RNA	NA	NA
NA	NC_013361.1	5175532	5178438	+	23S_G2032G	Escherichia 23S ribosomal RNA [WILDTYPE]	core	AMR	POINT	OXAZOLIDINONE	LINEZOLID	POINTN	2907	2905	100.00	99.14	2907	NC_004431.1:237160-240064	23S ribosomal RNA	NA	NA
NA	NC_013361.1	5175532	5178438	+	23S_G2057G	Escherichia 23S ribosomal RNA [WILDTYPE]	core	AMR	POINT	MULTIDRUG	CHLORAMPHENICOL/ERYTHROMYCIN/TELITHROMYCIN	POINTN	2907	2905	100.00	99.14	2907	NC_004431.1:237160-240064	23S ribosomal RNA	NA	NA
NA	NC_013361.1	5175532	5178438	+	23S_G2447G	Escherichia 23S ribosomal RNA [WILDTYPE]	core	AMR	POINT	OXAZOLIDINONE	LINEZOLID	POINTN	2907	2905	100.00	99.14	2907	NC_004431.1:237160-240064	23S ribosomal RNA	NA	NA
NA	NC_013361.1	5175532	5178438	+	23S_G264C	Escherichia 23S ribosomal RNA [UNKNOWN]	core	AMR	POINT	NA	NA	POINTN	2907	2905	100.00	99.14	2907	NC_004431.1:237160-240064	23S ribosomal RNA	NA	NA
NA	NC_013361.1	5175532	5178438	+	23S_G2802A	Escherichia 23S ribosomal RNA [UNKNOWN]	core	AMR	POINT	NA	NA	POINTN	2907	2905	100.00	99.14	2907	NC_004431.1:237160-240064	23S ribosomal RNA	NA	NA
NA	NC_013361.1	5175532	5178438	+	23S_G285A	Escherichia 23S ribosomal RNA [UNKNOWN]	core	AMR	POINT	NA	NA	POINTN	2907	2905	100.00	99.14	2907	NC_004431.1:237160-240064	23S ribosomal RNA	NA	NA
NA	NC_013361.1	5175532	5178438	+	23S_GG548AT	Escherichia 23S ribosomal RNA [UNKNOWN]	core	AMR	POINT	NA	NA	POINTN	2907	2905	100.00	99.14	2907	NC_004431.1:237160-240064	23S ribosomal RNA	NA	NA
NA	NC_013361.1	5175532	5178438	+	23S_N970T	Escherichia 23S ribosomal RNA [UNKNOWN]	core	AMR	POINT	NA	NA	POINTN	2907	2905	100.00	99.14	2907	NC_004431.1:237160-240064	23S ribosomal RNA	NA	NA
NA	NC_013361.1	5175532	5178438	+	23S_T1229C	Escherichia 23S ribosomal RNA [UNKNOWN]	core	AMR	POINT	NA	NA	POINTN	2907	2905	100.00	99.14	2907	NC_004431.1:237160-240064	23S ribosomal RNA	NA	NA
NA	NC_013361.1	5175532	5178438	+	23S_T137A	Escherichia 23S ribosomal RNA [UNKNOWN]	core	AMR	POINT	NA	NA	POINTN	2907	2905	100.00	99.14	2907	NC_004431.1:237160-240064	23S ribosomal RNA	NA	NA
NA	NC_013361.1	5175532	5178438	+	23S_T1730C	Escherichia 23S ribosomal RNA [UNKNOWN]	core	AMR	POINT	NA	NA	POINTN	2907	2905	100.00	99.14	2907	NC_004431.1:237160-240064	23S ribosomal RNA	NA	NA
NA	NC_013361.1	5175532	5178438	+	23S_T2609T	Escherichia 23S ribosomal RNA [WILDTYPE]	core	AMR	POINT	MACROLIDE	TELITHROMYCIN	POINTN	2907	2905	100.00	99.14	2907	NC_004431.1:237160-240064	23S ribosomal RNA	NA	NA
NA	NC_013361.1	5175532	5178438	+	23S_T754T	Escherichia 23S ribosomal RNA [WILDTYPE]	core	AMR	POINT	MACROLIDE	ERYTHROMYCIN/TELITHROMYCIN	POINTN	2907	2905	100.00	99.14	2907	NC_004431.1:237160-240064	23S ribosomal RNA	NA	NA
NA	NC_013361.1	5175532	5178438	+	23S_TCG1733GGA	Escherichia 23S ribosomal RNA [UNKNOWN]	core	AMR	POINT	NA	NA	POINTN	2907	2905	100.00	99.14	2907	NC_004431.1:237160-240064	23S ribosomal RNA	NA	NA
NA	NC_013361.1	5251059	5251379	-	soxS_A12A	regulatory protein SoxS [WILDTYPE]	core	AMR	POINT	MULTIDRUG	AMPICILLIN/CHLORAMPHENICOL/QUINOLONE/RIFAMPIN/TETRACYCLINE	POINTX	107	107	100.00	100.00	107	WP_000019358.1	regulatory protein SoxS	NA	NA
NA	NC_013361.1	5251465	5251926	+	soxR_G121G	redox-sensitive transcriptional activator SoxR [WILDTYPE]	core	AMR	POINT	MULTIDRUG	AMPICILLIN/CHLORAMPHENICOL/QUINOLONE/RIFAMPIN/TETRACYCLINE	POINTX	154	154	100.00	100.00	154	WP_000412428.1	redox-sensitive transcriptional activator SoxR	NA	NA
NA	NC_013361.1	5251465	5251926	+	soxR_R20R	redox-sensitive transcriptional activator SoxR [WILDTYPE]	core	AMR	POINT	MULTIDRUG	AMPICILLIN/CHLORAMPHENICOL/QUINOLONE/RIFAMPIN/TETRACYCLINE	POINTX	154	154	100.00	100.00	154	WP_000412428.1	redox-sensitive transcriptional activator SoxR	NA	NA
NA	NC_013361.1	5298480	5299568	-	pmrB_A159A	two-component system sensor histidine kinase PmrB [WILDTYPE]	core	AMR	POINT	COLISTIN	COLISTIN	POINTX	363	363	100.00	99.45	363	WP_001300761.1	two-component system sensor histidine kinase PmrB	NA	NA
NA	NC_013361.1	5298480	5299568	-	pmrB_C84C	two-component system sensor histidine kinase PmrB [WILDTYPE]	core	AMR	POINT	COLISTIN	COLISTIN	POINTX	363	363	100.00	99.45	363	WP_001300761.1	two-component system sensor histidine kinase PmrB	NA	NA
NA	NC_013361.1	5298480	5299568	-	pmrB_D283G	two-component system sensor histidine kinase PmrB [UNKNOWN]	core	AMR	POINT	NA	NA	POINTX	363	363	100.00	99.45	363	WP_001300761.1	two-component system sensor histidine kinase PmrB	NA	NA
NA	NC_013361.1	5298480	5299568	-	pmrB_E121E	two-component system sensor histidine kinase PmrB [WILDTYPE]	core	AMR	POINT	COLISTIN	COLISTIN	POINTX	363	363	100.00	99.45	363	WP_001300761.1	two-component system sensor histidine kinase PmrB	NA	NA
NA	NC_013361.1	5298480	5299568	-	pmrB_E123E	two-component system sensor histidine kinase PmrB [WILDTYPE]	core	AMR	POINT	COLISTIN	COLISTIN	POINTX	363	363	100.00	99.45	363	WP_001300761.1	two-component system sensor histidine kinase PmrB	NA	NA
NA	NC_013361.1	5298480	5299568	-	pmrB_E166E	two-component system sensor histidine kinase PmrB [WILDTYPE]	core	AMR	POINT	COLISTIN	COLISTIN	POINTX	363	363	100.00	99.45	363	WP_001300761.1	two-component system sensor histidine kinase PmrB	NA	NA
NA	NC_013361.1	5298480	5299568	-	pmrB_G206G	two-component system sensor histidine kinase PmrB [WILDTYPE]	core	AMR	POINT	COLISTIN	COLISTIN	POINTX	363	363	100.00	99.45	363	WP_001300761.1	two-component system sensor histidine kinase PmrB	NA	NA
NA	NC_013361.1	5298480	5299568	-	pmrB_L10L	two-component system sensor histidine kinase PmrB [WILDTYPE]	core	AMR	POINT	COLISTIN	COLISTIN	POINTX	363	363	100.00	99.45	363	WP_001300761.1	two-component system sensor histidine kinase PmrB	NA	NA
NA	NC_013361.1	5298480	5299568	-	pmrB_L14L	two-component system sensor histidine kinase PmrB [WILDTYPE]	core	AMR	POINT	COLISTIN	COLISTIN	POINTX	363	363	100.00	99.45	363	WP_001300761.1	two-component system sensor histidine kinase PmrB	NA	NA
NA	NC_013361.1	5298480	5299568	-	pmrB_P94P	two-component system sensor histidine kinase PmrB [WILDTYPE]	core	AMR	POINT	COLISTIN	COLISTIN	POINTX	363	363	100.00	99.45	363	WP_001300761.1	two-component system sensor histidine kinase PmrB	NA	NA
NA	NC_013361.1	5298480	5299568	-	pmrB_RPISLR6RPISLR	two-component system sensor histidine kinase PmrB [WILDTYPE]	core	AMR	POINT	COLISTIN	COLISTIN	POINTX	363	363	100.00	99.45	363	WP_001300761.1	two-component system sensor histidine kinase PmrB	NA	NA
NA	NC_013361.1	5298480	5299568	-	pmrB_T147T	two-component system sensor histidine kinase PmrB [WILDTYPE]	core	AMR	POINT	COLISTIN	COLISTIN	POINTX	363	363	100.00	99.45	363	WP_001300761.1	two-component system sensor histidine kinase PmrB	NA	NA
NA	NC_013361.1	5298480	5299568	-	pmrB_T156T	two-component system sensor histidine kinase PmrB [WILDTYPE]	core	AMR	POINT	COLISTIN	COLISTIN	POINTX	363	363	100.00	99.45	363	WP_001300761.1	two-component system sensor histidine kinase PmrB	NA	NA
NA	NC_013361.1	5298480	5299568	-	pmrB_T92T	two-component system sensor histidine kinase PmrB [WILDTYPE]	core	AMR	POINT	COLISTIN	COLISTIN	POINTX	363	363	100.00	99.45	363	WP_001300761.1	two-component system sensor histidine kinase PmrB	NA	NA
NA	NC_013361.1	5298480	5299568	-	pmrB_V161V	two-component system sensor histidine kinase PmrB [WILDTYPE]	core	AMR	POINT	COLISTIN	COLISTIN	POINTX	363	363	100.00	99.45	363	WP_001300761.1	two-component system sensor histidine kinase PmrB	NA	NA
NA	NC_013361.1	5298480	5299568	-	pmrB_Y358N	Escherichia colistin resistant PmrB	core	AMR	POINT	COLISTIN	COLISTIN	POINTX	363	363	100.00	99.45	363	WP_001300761.1	two-component system sensor histidine kinase PmrB	NA	NA
NA	NC_013361.1	5299581	5300246	-	basR_A80A	two-component system response regulator BasR [WILDTYPE]	core	AMR	POINT	COLISTIN	COLISTIN	POINTX	222	222	100.00	99.55	222	WP_094970923.1	two-component system response regulator BasR	NA	NA
NA	NC_013361.1	5299581	5300246	-	basR_G15G	two-component system response regulator BasR [WILDTYPE]	core	AMR	POINT	COLISTIN	COLISTIN	POINTX	222	222	100.00	99.55	222	WP_094970923.1	two-component system response regulator BasR	NA	NA
NA	NC_013361.1	5299581	5300246	-	basR_G53G	two-component system response regulator BasR [WILDTYPE]	core	AMR	POINT	COLISTIN	COLISTIN	POINTX	222	222	100.00	99.55	222	WP_094970923.1	two-component system response regulator BasR	NA	NA
NA	NC_013361.1	5299581	5300246	-	basR_L105L	two-component system response regulator BasR [WILDTYPE]	core	AMR	POINT	COLISTIN	COLISTIN	POINTX	222	222	100.00	99.55	222	WP_094970923.1	two-component system response regulator BasR	NA	NA
NA	NC_013361.1	5299581	5300246	-	basR_R81R	two-component system response regulator BasR [WILDTYPE]	core	AMR	POINT	COLISTIN	COLISTIN	POINTX	222	222	100.00	99.55	222	WP_094970923.1	two-component system response regulator BasR	NA	NA
NA	NC_013361.1	5299581	5300246	-	basR_S118R	two-component system response regulator BasR [UNKNOWN]	core	AMR	POINT	NA	NA	POINTX	222	222	100.00	99.55	222	WP_094970923.1	two-component system response regulator BasR	NA	NA
NA	NC_013361.1	5299581	5300246	-	basR_S39S	two-component system response regulator BasR [WILDTYPE]	core	AMR	POINT	COLISTIN	COLISTIN	POINTX	222	222	100.00	99.55	222	WP_094970923.1	two-component system response regulator BasR	NA	NA
NA	NC_013361.1	5405092	5405336	-	ampC_A134G	Escherichia ampC/blaEC promoter region [UNKNOWN]	core	AMR	POINT	NA	NA	POINTN	245	245	100.00	97.96	245	NZ_CP041538.1:1149245-1149489	ampC/blaEC promoter region	NA	NA
NA	NC_013361.1	5405092	5405336	-	ampC_C-11C	Escherichia ampC/blaEC promoter region [WILDTYPE]	core	AMR	POINT	BETA-LACTAM	CEPHALOSPORIN	POINTN	245	245	100.00	97.96	245	NZ_CP041538.1:1149245-1149489	ampC/blaEC promoter region	NA	NA
NA	NC_013361.1	5405092	5405336	-	ampC_C-42C	Escherichia ampC/blaEC promoter region [WILDTYPE]	core	AMR	POINT	BETA-LACTAM	CEPHALOSPORIN	POINTN	245	245	100.00	97.96	245	NZ_CP041538.1:1149245-1149489	ampC/blaEC promoter region	NA	NA
NA	NC_013361.1	5405092	5405336	-	ampC_C111T	Escherichia ampC/blaEC promoter region [UNKNOWN]	core	AMR	POINT	NA	NA	POINTN	245	245	100.00	97.96	245	NZ_CP041538.1:1149245-1149489	ampC/blaEC promoter region	NA	NA
NA	NC_013361.1	5405092	5405336	-	ampC_C169T	Escherichia ampC/blaEC promoter region [UNKNOWN]	core	AMR	POINT	NA	NA	POINTN	245	245	100.00	97.96	245	NZ_CP041538.1:1149245-1149489	ampC/blaEC promoter region	NA	NA
NA	NC_013361.1	5405092	5405336	-	ampC_C53T	Escherichia ampC/blaEC promoter region [UNKNOWN]	core	AMR	POINT	NA	NA	POINTN	245	245	100.00	97.96	245	NZ_CP041538.1:1149245-1149489	ampC/blaEC promoter region	NA	NA
NA	NC_013361.1	5405092	5405336	-	ampC_G-15G	Escherichia ampC/blaEC promoter region [WILDTYPE]	core	AMR	POINT	BETA-LACTAM	CEPHALOSPORIN	POINTN	245	245	100.00	97.96	245	NZ_CP041538.1:1149245-1149489	ampC/blaEC promoter region	NA	NA
NA	NC_013361.1	5405092	5405336	-	ampC_G36A	Escherichia ampC/blaEC promoter region [UNKNOWN]	core	AMR	POINT	NA	NA	POINTN	245	245	100.00	97.96	245	NZ_CP041538.1:1149245-1149489	ampC/blaEC promoter region	NA	NA
NA	NC_013361.1	5405092	5405336	-	ampC_T-14T	Escherichia ampC/blaEC promoter region [WILDTYPE]	core	AMR	POINT	BETA-LACTAM	CEPHALOSPORIN	POINTN	245	245	100.00	97.96	245	NZ_CP041538.1:1149245-1149489	ampC/blaEC promoter region	NA	NA
NA	NC_013361.1	5405092	5405336	-	ampC_T-32T	Escherichia ampC/blaEC promoter region [WILDTYPE]	core	AMR	POINT	BETA-LACTAM	CEPHALOSPORIN	POINTN	245	245	100.00	97.96	245	NZ_CP041538.1:1149245-1149489	ampC/blaEC promoter region	NA	NA
